order_id,order_item_id,product_id,seller_id,shipping_limit_date,price,freight_value
f4ee4273538924bda6212f5948e80fde,1,69455f41626a745aea9ee9164cb9eafd,7d13fca15225358621be4086e1eb0964,2018-06-19 09:18:15,180.0,20.45
056349f85a73d794119c4286c95a52de,1,af35be35db4ad0dc288b571453337376,d20b021d3efdf267a402c402a48ea64b,2017-03-09 14:35:09,10.99,16.05
b124967afcc82ef17ec41020fe2a9136,1,12e6d0f655986ceff00c74658dec97b1,3be634553519fb6536a03e1358e9fdc7,2018-06-06 17:18:09,49.99,8.88
e257ae8610fb4fb68a1f459c3a4b1f51,1,a50acd33ba7a8da8e9db65094fa990a4,8581055ce74af1daba164fdbd55a40de,2017-05-18 08:02:19,117.3,14.43
5e114d8e3840661abc3d9c4820f427b3,1,5cca3efb9521cc1d7099d610d4a12017,3d871de0142ce09b7081e2b9d1733cb1,2018-05-03 18:15:09,58.9,13.77
fd220bb11ef8a046fef08e7c51f11651,1,7501e40e8bc7a7db7c2f4b005e1dddcb,974cf2cb8f4b7add98709c30df02fe10,2018-02-08 19:28:55,79.99,17.81
2b7d922e73fbd058099b6ff4b33e99f7,1,228f57b1acb5bdce9401c58653c8cc14,7e93a43ef30c4f03f38b393420bc753a,2017-10-06 18:14:22,169.99,17.76
e897baf305827e390802ae23c1109c78,2,e4ca5b20cfe1a020e15e36fe14e880ee,128639473a139ac0f3e5f5ade55873a5,2018-01-05 15:09:19,19.9,15.1
4be3435a18d709c7bec9b8d5651088b4,1,f4f4debbcfcafe6858d1e37a1f6e436e,7c67e1448b00f6e969d365cea6b010ab,2017-10-23 14:05:02,159.94,41.11
709df04791b8bd393b34a58de3cf142d,1,d322eb25f02924adba73e58dbc36b29c,4869f7a5dfa277a7dca6462dcf3b52b2,2018-06-14 10:55:21,223.0,19.44
a8385b0ed2ef8109ce800b799f53fb7c,1,c741b4e884aadcb383abe964529d76ce,093805f8f2aeb63881444571e1f48f30,2018-01-15 07:22:49,29.9,8.72
c8682e224367b603f0ac144e77fabe14,1,d04857e7b4b708ee8b8b9921163edba3,9f505651f4a6abe901a56cdc21508025,2018-06-13 11:15:40,67.99,8.88
166b01d0fce75a595b92ad9e84e0843b,1,776ef0ee36e20757c513e64903f1fa8a,70a12e78e608ac31179aea7f8422044b,2017-09-15 11:45:12,98.0,29.09
e1e0cfc8398a7bcd9699fe42c1651566,1,64d33e6bd1b905a31c2f96f584e6a0c8,ea8482cd71df3c1969d7b9473ff13abc,2018-03-08 12:30:56,29.99,7.78
039ff75de38e514eaa8ffb2618d5227e,1,5b59b0c94f8e31d14fe89dbbfda3df6c,dd2bdf855a9172734fbc3744021ae9b9,2018-01-16 08:57:24,69.9,14.22
72e5f9d054298a6554b1d7e7e4115c5a,1,8fa15c06c596b8e4c43a9ff94ed8b410,17ca9b9e9b9ef8fdb529001b49ebb50f,2018-05-10 01:30:26,89.97,15.51
9b95b783cb4d875bbdaec597fcfc0f74,1,ec16be6dfd2b67c4f576d7c7ccda1358,f9244d45189d3a3605499abddeade7d5,2018-04-04 22:08:04,99.99,27.46
2c3bfbf5ecf75f13c01dd54f87ebbc36,1,fb6782985a98aa8a59238f58239f6f1e,955fee9216a65b617aa5c0531780ce60,2017-07-31 06:43:10,79.99,16.81
525649cfb87baa1b132df49d8297901a,1,017692475c1c954ff597feda05131d73,3c7c4a49ec3c6550809089c6a2ca9370,2018-03-04 23:10:24,13.99,14.1
c3aa0764f72af0672f23966336a8fd0c,1,e59dd207c69d86e890febadc796d1078,e9bc59e7b60fc3063eb2290deda4cced,2018-08-13 01:10:08,125.0,14.22
50bf77081d0fdd2e57dcff0acf8fefeb,1,629e019a6f298a83aeecc7877964f935,c003204e1ab016dfa150abc119207b24,2018-03-01 18:30:41,119.9,25.68
de5b7ea79803e2993efb698c480ba599,1,86f2416d4670e4ea3ca5494d043d9f24,7c67e1448b00f6e969d365cea6b010ab,2017-07-27 14:45:26,159.94,19.84
190f1efcb8b7f7fdcf6690c0c3e78c39,1,b0075cdedc8e455d734e6b1875336ca1,0ea22c1cfbdc755f86b9b54b39c16043,2017-12-28 23:08:39,29.9,51.48
c125e883b34e4012f606e77b227ed690,1,aa5d6a9bd4be367ae1a3a29c323c7c11,e9779976487b77c6d4ac45f75ec7afe9,2018-06-11 12:30:25,130.0,37.6
16d2d0f24adb9d8c7cc566bbdc85b91e,1,060c17562f97e5bb60bc0dfa4dd5b3f2,9f505651f4a6abe901a56cdc21508025,2018-07-24 16:55:21,24.99,15.28
4fc010de2244ff9ee4e5e334699824bf,1,68db47d312d0b87e469762f0481d3b9c,f8db351d8c4c4c22c6835c19a46f01b0,2017-05-24 06:35:16,179.9,70.14
4b7f3bc13a8180b1cb4de82745278846,1,52c80cedd4e90108bf4fa6a206ef6b03,a1043bafd471dff536d0c462352beb48,2017-12-29 17:49:13,179.99,45.72
ceacfc79fb663f8a32139c94f5850d23,1,e0b6956a1860dc425aab39707b0044af,c8b0e2b0a7095e5d8219575d5e7e1181,2018-04-02 21:35:20,107.99,14.85
5b85161bbdf02ed28bb2bac6db1e87f7,1,98190f6a2c3253d07ca86525bb238162,dbd66278cbfe1aa1000f90a217ca4695,2018-04-19 19:35:24,72.0,21.58
18f0e44c3101bf4288ae858b7be184af,1,990d135e28e075648cb7d83198fdccf4,d9bd94811c3338dceb4181f3dbc0c73e,2018-07-11 09:31:37,80.38,8.72
ffa9a3142ddd51af248e648db27c647f,1,d8a77723111124b921fd73b3914e8cbb,0241d4d5d36f10f80c644447315af0bd,2017-11-30 20:31:35,29.9,17.92
2def1e16069e08497e9e9bc186bbcb9d,1,83e5adb51c0d54eff80057f064f808d2,e8b3a3a38279a82f0e5d006d5e5b7d2c,2018-02-07 18:59:02,154.9,14.81
96b7f5a470ca6a58f261be1af286e4d9,1,ddceb6eef6af67e9fbbd4c148dbe5fd9,ceaec5548eefc6e23e6607c5435102e7,2018-06-06 16:51:46,209.99,29.73
25ff38b3eac37d28ac1fd35e41393218,1,c73628b1c3144b2e0c9c88072f21a213,3f995f07c49d0d55a99d5c54957f7d81,2017-07-14 18:10:12,99.0,13.71
6eb3911724b9c8dff28062f417a5db4c,1,1b3c5b1455f3e42d831fb778055c9e45,17e34d8224d27a541263c4c64b11a56b,2017-08-08 09:03:22,355.9,18.25
8da4b52fdefe7256cbe20ebf03ac47b7,1,086351823300e0339f6955b27998c186,33a6f4b1e7cdc205511e76ba1b6e0186,2018-02-15 18:50:12,115.0,14.56
84b534c4e6899dae169caa25fa2c887c,1,8c591ab0ca519558779df02023177f44,a1043bafd471dff536d0c462352beb48,2018-04-26 02:31:52,110.0,62.44
47cb08d5bac6105ae32587814fca96ca,1,f75b94ae22e65bec6b67d9652ef8387c,9f505651f4a6abe901a56cdc21508025,2018-02-15 14:32:13,34.99,14.1
5c284ea765f41493a972351bb356a00b,1,dd60cac04e6bcbc919cb1c7dcc473211,febab0275244b9a49a623f0bd613ca2f,2017-11-23 03:35:34,29.9,15.11
4e0e014841788909971877b03ce929b1,1,5a848e4ab52fd5445cdc07aab1c40e48,c826c40d7b19f62a09e2d7c5e7295ee2,2018-03-01 02:10:46,122.99,14.61
cba45d3fa18d26bd7c6935fca4449feb,1,6b5170a2d3ae93a38e63f17b356da239,3be634553519fb6536a03e1358e9fdc7,2018-08-27 11:04:38,33.99,11.26
bbb39449a277499952671cc64cbd7232,1,ad47aff134f11264c92d7ff1299163b1,3935fe5fe0f82787a9dcb8deb62be09d,2018-04-23 12:29:53,92.5,34.19
e6b23db78d4473c921fb9315e04b5c0f,1,5c9ef6c35fdbad9275157b1929c37fb0,c1d1ebb4745cc43cb6f05e9c8a705c9a,2017-04-26 21:01:54,12.5,19.21
1700e1cfac9c6837da3ccdb6c36c77de,1,c211ff3068fcd2f8898192976d8b3a32,da8622b14eb17ae2831f4ac5b9dab84a,2017-12-29 21:30:21,24.9,9.09
4969cddf1cd3a57ea95fe8c3b89a7018,2,88dd63919fc9ab693803578a04a20209,7ddcbb64b5bc1ef36ca8c151f6ec77df,2017-09-20 12:05:10,39.99,14.1
587e32dd528769d669d539531d32aeb5,1,810e2944bca9850b934e1570ba372e7d,1025f0e2d44d7041d6cf58b6550e0bfa,2018-08-16 02:50:25,78.0,22.09
98287ad06893756cfd89b354ad0fe866,1,1e1a186a03f0d98268516827690d4fd2,a420f60ff1aa9acc80d0e42959f2b313,2018-03-07 11:31:12,74.0,7.78
88e8f243cb82b7e343068eb8073f388e,1,39af958c865cffb372490d50c207d776,da8622b14eb17ae2831f4ac5b9dab84a,2018-08-24 14:30:33,239.9,32.55
b9b02ea6b4c73fad1faffdc7e4deb3f0,1,35afc973633aaeb6b877ff57b2793310,4a3ca9315b744ce9f8e9374361493884,2017-11-29 16:08:34,89.9,13.65
c7b76f99b489ee84322131a82cbf9a42,1,95ae4833a7cd4f9f7f90c3b77a993c1b,1025f0e2d44d7041d6cf58b6550e0bfa,2017-12-01 02:31:48,69.99,19.09
f05ae607a2f78a91958f765f204e098f,1,4abef02c9dfc89006cb3d501d1f291c1,d98eec89afa3380e14463da2aabaea72,2017-02-18 12:20:37,50.0,14.52
84ef655de633562e82760bbd2b1a1b63,1,feb18700015c20ef4ca5098a6288f6f7,17a053fcb14bd219540cbde0df490be0,2018-07-04 15:11:45,189.9,90.0
2ea452fc04a09e17a3c70294527aa180,1,74291f20821eae2aacb949b41622ef52,620c87c171fb2a6dd6e8bb4dec959fc6,2018-04-23 22:15:22,239.9,23.39
5bec661a2baad6bf4d879a4be9759675,1,cad2db5e318d7283a234c517b2f28a42,8160255418d5aaa7dbdc9f4c64ebda44,2017-11-28 15:48:20,105.9,16.5
6e585d7418d756180db763b08c37e372,1,a6ad77b15e566298a4e8ee2011ab1255,1025f0e2d44d7041d6cf58b6550e0bfa,2018-06-20 21:01:22,27.0,17.99
30dfb5b33bf44683be3e2f7df4bdd769,1,759c85bda80286f647f1f71b847c6457,f8db351d8c4c4c22c6835c19a46f01b0,2018-04-12 19:09:17,33.9,18.23
fd63edd3e877295ad1dbe1d2b76b640c,1,b09790edda54333116f9cf1decc580a1,d2374cbcbb3ca4ab1086534108cc3ab7,2017-04-12 01:45:10,24.9,10.96
b5164c0cb0beb5a1936bc30fe510c0f0,1,362b773250263786dd58670d2df42c3b,4c2b230173bb36f9b240f2b8ac11786e,2017-10-18 04:26:36,49.9,14.1
e3ec20444467431fabc412069b7b02de,1,8cefe1c6f2304e7e6825150218ffc58c,ea8482cd71df3c1969d7b9473ff13abc,2018-03-29 07:35:35,27.99,22.85
d827e1e47dc185687102015449ff2e4a,1,2b7aa376a6e728560bddb5558cc48e89,7c67e1448b00f6e969d365cea6b010ab,2018-03-30 03:30:59,116.99,7.68
b1a7bd6a9d10076c91e88bc510406b46,1,3bf87d2001b8176e6a3ad804b80774b4,7c67e1448b00f6e969d365cea6b010ab,2018-04-16 00:30:00,192.99,64.67
0c892a79e462e31570b88739be67f32d,1,229c012e97328ba74fd0f4a1c29f8e51,8cc6a0e5738e61a87b03c78b2ba9db4b,2017-03-30 15:15:11,739.9,21.92
a93735055445ed9a73d81caa09196c28,1,2b4609f8948be18874494203496bc318,cc419e0650a3c5ba77189a1882b7556a,2017-10-17 22:49:24,89.99,16.39
77ac59c6eca2cfec705ad0c804c6b092,1,ca33dbc1342572c1aa64e74fb42bab4a,e5475dcab1e07b63d7f6e902d8f5eda8,2018-02-12 04:31:46,28.0,8.72
0dfa86a9022c9929b3d7311150151f68,1,b0a12a9dc0ed09cc161a586c1e948890,dfa0c4c6229ab200a4a1336b4d7128ff,2018-08-01 20:25:08,65.0,22.39
e13d1b8079da63aa71fa8ad68b3c3586,1,a4d44eb9f68b301db3a15c9a346f395c,bfd27a966d91cfaafdb25d076585f0da,2017-06-12 10:55:12,229.0,16.35
bbcee2bda0886af84f8dd8f19870063e,2,52c80cedd4e90108bf4fa6a206ef6b03,a1043bafd471dff536d0c462352beb48,2017-04-13 12:34:03,179.99,33.54
f35e931a720c89ba31489a6f86fbf985,1,f9c972fb058194f8e948a46e6c611ee1,851773c885feb5e2da3b4f82bc2b17ce,2018-05-17 15:15:26,99.9,14.79
bbf6061c4bcfffe5fa5c22006d9a231c,1,adb5b8ee8b86e86930bc333c182bbead,9c0e69c7bf2619675bbadf47b43f655a,2017-10-17 05:07:56,189.97,10.74
af8582de59ea502ec0626a2ded9c535a,1,5d9805d8578300114d104afcfd6e6b39,67883baaae6134ee81b271a542613728,2018-08-09 04:30:18,469.0,19.47
8ec02de389ef4b7fdd3b0b084027c0a6,1,b1acb7e8152c90c9619897753a75c973,cc419e0650a3c5ba77189a1882b7556a,2017-10-30 00:49:20,34.99,7.78
46c2e1dc685486650310781268c4c885,1,403e95f4460939e06a89a253a15dd99f,2528513dd95219a6013d4d05176e391a,2017-07-07 12:10:19,179.0,12.46
7af70833de99c5d7aaa2e6b76f1cb21c,1,a55b9bc476c34d53d8f3f27c922f6374,6b243f80ed07b10f0e8aa0f21a205f3c,2018-06-19 02:18:48,124.9,17.06
fba896b434960b7968da1f24e5fd1d01,2,c7b3cf9de7be95b3e09e7a63315685eb,5dceca129747e92ff8ef7a997dc4f8ca,2017-04-03 09:22:43,79.9,26.9
9d27b66cd7dfe58587bd778c83c4d5a1,1,3f56545df76cf762c62d35d987a29962,cce6ab8d1682639fe45ab70234f1665f,2017-11-20 09:55:32,40.0,17.6
ea134380898c6f487ff7113ecdd6319a,2,b74e40daa954e92be8e5d3b342fa8863,218d46b86c1881d022bce9c68a7d4b15,2018-05-15 21:15:29,26.0,18.23
43f9bfd7098c9a1d2abf50dac55ee822,1,a5ae8400fc9fcacd4af585a57bbf264a,66922902710d126a0e7d26b0e3805106,2017-12-20 11:59:39,120.0,20.33
6e1e856a0fa5c51efd83408e3f8d1fe3,1,083ffd30820b592e294de7ed668ff975,f8db351d8c4c4c22c6835c19a46f01b0,2017-10-31 02:28:21,45.9,8.27
5f93c15063313abf1a114e682d6b6d71,1,51f876eb62be778c757503cf7f8a3b74,f84a00e60c73a49e7e851c9bdca3a5bb,2018-05-15 11:14:15,9.8,7.55
9951333a5f09b5c054baa1f1c43887c8,1,83ddda548094ac28ff6290b22b843f99,5d0363b33554b373851fc1622e4d5f3c,2018-06-20 02:31:21,122.0,10.16
2c6c5c881336bcec2d8c89cb05184a81,2,c99666957e5d14717bd1d5ba0fd33f53,79ebd9a61bac3eaf882805ed4ecfa12a,2018-04-02 18:49:00,119.9,24.81
b9f477fd3f945b7f9c9392fecdafe712,1,5a848e4ab52fd5445cdc07aab1c40e48,c826c40d7b19f62a09e2d7c5e7295ee2,2018-02-21 20:15:26,122.99,15.61
4fb9c9ddfd0e850bd7523714d7e90d7a,1,7a81751397c8813678761201a7114339,f181738b150df1f37cb0bd72e705b193,2018-01-11 02:38:05,14.9,7.78
3e1f6fe2fb84232f49ee85bd4c61758e,1,64a52f25956dafbe36ae37ee5151334a,f262cbc1c910c83959f849465454ddd3,2018-05-18 02:54:10,14.99,12.79
dafa99d3aad16f19a8309819438cf7db,1,82b73150f90f4fef92913e35b9984bb7,91f848e9f4be368f4318775aac733370,2017-06-07 23:42:28,89.5,17.88
8993ddd6e800f9cb267d42cc89e13f0f,1,f62dcd57a6a4e93aff69aecc1f3d6513,d650b663c3b5f6fb392b6326366efa9a,2018-06-13 10:58:07,249.0,10.1
6c273b11e7a7b4b410ea29fac9769fac,1,739312eddb4431af9a760e797da4d869,f41ce2e25237f9092cd8e6e7516c7a2f,2017-01-25 17:33:30,15.8,10.96
4729a8ef5b11ed2d8dc77d48deeeee04,4,981cff5accf28a980a7de3bca3ba9b95,fc6295add6f51a0936407ead70c1001d,2017-11-10 19:31:16,40.0,17.63
ec16409eb3a4bea9c172e550736b8520,1,5e98b7fecc62c3ebeaa8252269b2d6fe,b1ac6ea7895bc3dd6f0f6f4abbdd2821,2017-11-29 10:10:58,59.0,20.0
9e536c5c989c3bc5667dde34c3490e0f,1,f89cd865cac300a9bf1320dd8f0fa223,8b321bb669392f5163d04c59e235e066,2018-02-22 10:30:33,11.55,7.78
dabb5a87a6d9cc1388abf76cdcf76e5b,1,f429bcbed72851b21f20d2daf4330bce,7b0df942f46435babab05d49b744b2c4,2017-09-01 11:35:22,359.0,18.27
08a2535facf687274c238d2c9f59b7ce,1,e01a5a164be7867f7684c14d2dc88865,373ee4a3a775a733770ca3f790b8b9ac,2018-01-18 09:28:29,623.0,23.6
b63c4c6a266d6aa9a9eff6e38d566e85,1,eed8b513f23793f1d52a3baf41f38392,52a50b42accf164f9f019941e5759d9b,2018-08-10 03:15:22,39.99,12.94
b0f595976cc8465db878685b2a613f5f,1,c0fc1b0ec16005c9a01f5795e23235c2,d2374cbcbb3ca4ab1086534108cc3ab7,2017-08-21 03:30:09,21.9,16.79
ff16d15a9ee89f3b65af595178308532,1,7c4a8bec217df1de0df2b5aaf8175b65,7040e82f899a04d1b434b795a43b4617,2017-10-20 14:50:40,19.9,7.78
c2f065051bb7c9e7f88ebc998f332968,1,d48e60abb2b51506a3d71d3552db7f96,32f1bb9dfa65bc7df5c0d9d95a616be4,2018-08-03 13:25:15,29.9,7.47
84d73646bd06c266e75c700a81865efa,2,4272f4544f17efd4fa4ccdc76912feab,1771297ac436903d1dd6b0e9279aa505,2017-08-16 22:45:18,17.75,16.6
b6ab1ce66f41dbbd8e998bfb0eab8bd5,1,93a12c289ca2b78e7069e469f5053ef2,88460e8ebdecbfecb5f9601833981930,2018-07-06 14:30:50,137.9,14.31
ef7c5d4791639dc1862b7bb3bacb3d48,1,2c71e9b9845634cb1ea6285a8f3cbf50,612170e34b97004b3ba37eae81836b4c,2018-08-20 11:45:14,118.9,15.93
622b9d86199a98a59cded9f26507efce,1,47ab4924a51b711db100f100e9246dea,9c7fd21e0aa159b20da593371f08ff7c,2018-08-24 17:08:59,59.9,15.52
da7e814c079cfdd00249b4127a6581e9,1,3adf46dbf0aa2bcca9d6fc85e4e7c339,897060da8b9a21f655304d50fd935913,2017-06-01 19:30:19,29.9,15.1
f27a56f2112f2928b4fe1e1d6d406131,1,738121d1a5b54545080cef01275446d8,3fadb4cba4c35bce6a7eaf9872d5623a,2017-06-06 22:22:28,41.9,12.48
bd772752df70fa0a00d2e0854285e419,1,69455f41626a745aea9ee9164cb9eafd,bce6a5ecf98e99fd2a8868b15c51f04b,2018-07-29 22:44:01,110.0,8.03
62a50d53a4e50a04954b779f7ee090db,1,4fce0eab61e01d521044c8b071cdfead,0509040ea3fe50071181bbc359eb7738,2017-11-29 22:36:29,23.8,21.15
6df657a95f9bdff5c5c8552e4823d469,1,1fd3bb291e0dba9d6081eb914303993b,53e4c6e0f4312d4d2107a8c9cddf45cd,2017-07-12 22:05:29,26.07,35.67
28fc46ceb57ddc6e17500a9482d694b9,1,41c24b8ce92d1a2cac62db5edfd088b2,4869f7a5dfa277a7dca6462dcf3b52b2,2018-06-27 02:58:39,99.9,13.36
9b11f3c4f8e84ce1374d64914b6a00b0,1,8100d323ffa1909cfcf9fdf05f20b678,f8db351d8c4c4c22c6835c19a46f01b0,2017-05-10 21:22:22,141.9,18.63
f390346ecbf61a6b81b92017a7410df1,1,bd6e6fce9ada76ea2db0f1912e8e478f,1835b56ce799e6a4dc4eddc053f04066,2017-11-10 18:55:46,56.99,12.74
b704eaf4ae9e9716ead0088db45a9b40,1,3c261802e239d1f2dcda5ed49aa14220,fa40cc5b934574b62717c68f3d678b6d,2018-04-26 00:30:52,74.99,12.96
2ad674d5024f5e52836b96215eb73588,1,c20a3f598c16d77249da67e81caa8317,955fee9216a65b617aa5c0531780ce60,2018-04-22 23:12:08,33.0,16.32
496ed3d2f9bcb86cb243f5e9fe1627e5,1,5f00c50de3d989194f0439e343480372,3b15288545f8928d3e65a8f949a28291,2017-09-27 16:50:27,77.99,17.8
8a3756b420f3c23e6537a19e9d61a102,1,880be32f4db1d9f6e2bec38fb6ac23ab,fa40cc5b934574b62717c68f3d678b6d,2017-06-21 23:15:09,42.99,15.1
ccefed81ada949952e76166b19f2b723,1,67810bda0db346d0eee1ac3c6314af35,25e47381a6c510ddeb36084e33b89f0c,2017-06-02 01:10:25,95.9,17.92
ab815320404ada153a9d06f166c961dc,1,17552c3e04bda2b08ac85c9c55137dc3,14a08204d03bb6b6bde8029f801ae0eb,2018-05-29 10:31:23,44.0,22.85
267db43542633efa0839c965b2ad2f31,2,1fdac0720456c9b74b0a93aeb821d5a2,c42fd8e4d47dfb18ce5222f2dd7752f9,2017-03-15 10:38:32,26.0,19.93
a4d63c74eb133a700461000c2e8df158,1,0067f97995b0c3a86739734dc87ee6b6,6560211a19b47992c3666cc44a7e94c0,2017-04-28 19:15:12,79.0,14.31
128968a8f3d827298b66853b00d1e34e,1,5ea3a4fc17bd1341eeea4716d481ccfa,5d0363b33554b373851fc1622e4d5f3c,2018-03-22 15:49:49,68.0,41.24
a87aac8d24e87df91bb8d9357e98d1ea,1,677d8ace413e0060fa8686cde56eaf10,d921b68bf747894be13a97ae52b0f386,2018-04-23 08:51:54,225.0,23.28
0f6fb6d733b3a9e800c8aa92abf81584,2,f7b39dca4a425dcfd4a8b0b0aac4b7c0,2a7dc43cecabf23403078e2188437d1d,2018-02-13 12:10:38,59.9,9.34
3bb01fb597afee976918577ed7697c80,1,1fe7076c53248559454a7e1d6c1037f9,d1c281d3ae149232351cd8c8cc885f0d,2017-06-01 16:02:48,36.99,11.85
30bdf3d824d824610a49887486debcaf,9,18486698933fbb64af6c0a255f7dd64c,6973a06f484aacf400ece213dbf3d946,2018-04-03 14:47:43,83.49,8.71
54e9fc9a26833002ae6521780af9dcc6,1,4949bc7693f27596ca18cfe03c5a83b2,fffd5413c0700ac820c7069d66d98c89,2017-12-08 17:07:53,191.4,49.87
c7d561ef533f624416dd087083e5539b,1,84f456958365164420cfc80fbe4c7fab,4a3ca9315b744ce9f8e9374361493884,2018-04-19 13:35:44,92.0,13.7
893233a6a55e2f152d2088ab047ad4cc,1,fa9cc1dfd86d0877d43101973bf26eee,b347677812ea483b0f528eaf8cbc09b7,2018-06-18 22:17:45,449.0,39.14
267cf5d5f5d44907ac3a107257c47290,1,83aae8023b8feda53259f63e0ec06390,715bbd5ba4e6b74cb0d2f29eb45058b0,2018-07-27 03:55:17,89.9,18.93
ae162713f33901220faa2a22c2bdba45,2,aba86c093ccdbac75b09111d57e50004,7c67e1448b00f6e969d365cea6b010ab,2017-02-09 14:38:41,119.6,11.45
4247a3af0d215e63b216c45c7bafa881,3,f832d1b20241274bc51c2d691b0f4b94,70a12e78e608ac31179aea7f8422044b,2017-11-09 14:10:20,120.0,12.34
d6a9b94fe86c050b0b1f7d62a98579c9,1,05c6133a109016f9fc73aea25cb1f5c0,c8b0e2b0a7095e5d8219575d5e7e1181,2018-05-04 10:12:23,159.99,27.2
7ef689cb709f1d6e42a9f52a93e2da25,1,2423252b2432f1803e4f29e0974c6cf7,5f2684dab12e59f83bef73ae57724e45,2017-12-15 12:51:08,169.9,18.44
c23e171590482930d50c033857c85deb,1,8be128ce3f51211048f4b891e9303381,46dc3b2cc0980fb8ec44634e21d2718e,2017-12-13 15:01:32,259.99,15.72
b0c1eb643cc230efdadc151753e940b5,1,2ccd049c8e7ea210e079a1aa8ad92477,3d871de0142ce09b7081e2b9d1733cb1,2018-06-20 22:01:35,79.0,24.7
d8dbb44d7c5b1fd8e7f41b49e27053d7,1,fc1d8637c0268af3db482c14b7ef8e75,da8622b14eb17ae2831f4ac5b9dab84a,2018-05-10 20:15:15,164.9,12.25
4b4f4465ed0f3c314fcd6e082d00c288,1,06a7a571bc9fbb103a9c2eb90f89432c,2a1348e9addc1af5aaa619b1a3679d6b,2017-10-05 20:28:19,29.9,15.1
e625944bd16cd8f6b0daa1861cd25b19,1,729dfb36954326a8b9ad0a5602571943,72146da5774cabf2632faedcae097a76,2018-02-12 12:30:22,88.99,15.37
95f5825a4d547b92c4f1824df000084c,1,e02758c6570548237ebc9fe75b4701fb,e7df4cd29ab5abab70fb0783ddb53987,2018-02-02 12:55:54,1019.0,20.74
bcbc0973414b1dd97555e6f8e9713cfa,4,d48e56be99464cbf285a9da17f618165,cca3071e3e9bb7d12640c9fbe2301306,2016-10-09 03:45:42,79.9,15.91
1536920a9b41c8aa4e1dd7b59edf7847,1,c55fe8cbb36a1353e443dc9e773b80da,cfb1a033743668a192316f3c6d1d2671,2017-02-20 15:45:18,26.0,16.05
4f8a45b73cb600764365a0b6cdff299d,1,2b9c3fbbc252238d3a35a75dcc19d8cb,de23c3b98a88888289c6f5cc1209054a,2017-11-17 18:46:22,139.9,9.79
4cf6a6de996beb9d4b190c7983be98d9,1,0bcc3eeca39e1064258aa1e932269894,1f50f920176fa81dab994f9023523100,2017-10-10 18:28:22,59.9,13.44
17b7c2f3241fc2ef8e7f7a3b916993e3,1,d984b9203bd56960bbdda0bb7f05f781,0ea22c1cfbdc755f86b9b54b39c16043,2018-05-30 18:17:05,24.9,22.85
bb780bb5301c5109cb6eb07d06f3bd14,1,ec2d43cc59763ec91694573b31f1c29a,1c129092bf23f28a5930387c980c0dfc,2017-12-29 16:31:22,45.9,26.89
a2c95702477a50387ec1b32968bd9d40,1,28e1e01400863d6035542c650bc72be4,45ba18c210d42734ec52c0c1c574e9ee,2018-06-28 07:55:08,394.9,89.35
4677e6e3e54b79b7ae98dede52d8f2b0,4,422879e10f46682990de24d770e7f83d,1f50f920176fa81dab994f9023523100,2017-10-11 16:49:24,59.9,28.82
e7744f6b47fb7de31a60035c997d3956,1,be127a8a979cd5d591ea345f10bba28c,7f152321c60a266edc53af1925ef96c1,2018-01-26 18:37:22,249.99,35.55
226dbf042352f0f381239e29ddcb301e,1,05d0558798a718f6f4658acd8b0e65e1,17908cf9b444ee34047cadd5c0f4a516,2018-03-29 11:35:25,115.0,47.25
1eea5cc217ecbacdca75369789d9774c,1,2de20a6b025cc5339c07c88aacbbfffa,7c67e1448b00f6e969d365cea6b010ab,2017-11-27 04:10:41,43.99,21.19
0332002e367c17e6c4111ae2dd8a6aaf,2,331e79a28ee5afbb321a3146653085f2,7c67e1448b00f6e969d365cea6b010ab,2018-03-23 03:49:27,149.99,27.71
4bb23abf0ff6b2a50e22e54a9021be4b,1,8e436253e3c4eeacc3b2757482517200,f4aba7c0bca51484c30ab7bdc34bcdd1,2017-06-06 11:42:57,19.99,7.78
eb1fef50749c960bb52e6b27761970fa,1,df969ce58d2f301f941a09bc75558cd4,7a67c85e85bb2ce8582c35f2203ad736,2018-07-24 03:15:24,19.99,8.3
0547cd893959df1f7e54aeaee4368577,1,7f723c53515b44e16b93397c4149afdc,b39d7fe263ef469605dbb32608aee0af,2018-05-09 00:30:37,109.9,13.21
15b00f1a7877ceb1dbcfde56e50359f5,1,656e0eca68dcecf6a31b8ececfabe3e8,0b90b6df587eb83608a64ea8b390cf07,2018-02-01 14:14:34,89.8,17.07
a6aef11a3026e113df62739da7de964e,1,25bf7c5e5f9d008845212122805014e5,d2374cbcbb3ca4ab1086534108cc3ab7,2017-07-27 11:03:12,18.9,11.85
fab28f3d1cfbe171566884703d82682e,1,d2f5484cbffe4ca766301b21ab9246dd,36a968b544695394e4e9d7572688598f,2018-04-26 09:30:40,12.88,7.87
e5b8b27e1436ae108e5e2712a22c0033,1,1fb344134cd7164d32dea4d87ba3ec5a,23c38debaffe4a25a30fdbd9b586a13f,2018-04-30 03:31:54,120.0,13.28
6831327c575ec5efdb90392fed9d2f1a,2,7bb755757b4b21a1abc9cc6e9991a8ad,138dbe45fc62f1e244378131a6801526,2018-08-02 17:25:17,16.9,8.29
c0f23917399cf4c9d0828ab1e16c86c6,1,259bd66612b61aa4e82ce3cde9272bbc,955fee9216a65b617aa5c0531780ce60,2017-12-21 16:14:24,32.0,14.1
20e4793779b086b53af56a8ea4b94f71,3,c909912a223f3d98dd5c1eac6e93fecd,2a5b78b41cd05baeac8df54c6606b92c,2018-07-31 02:24:07,97.99,18.79
dda1bffaed62982b5b1608c765989f75,1,643a4049ae3e6df63858575f28cd7b21,c70c1b0d8ca86052f45a432a38b73958,2018-04-30 04:31:04,110.0,13.21
0cf94dad2e99f0fb2c10e52d62c4e560,1,16048247166ec654c76c845f308c85f5,17e34d8224d27a541263c4c64b11a56b,2018-08-24 12:50:35,114.08,13.46
55bf02fa5414e7b29c5b651c33626e9b,1,84952f1f00709e71d58587cb34163e26,4eb61f060e7dcc1d5a80d806c35cc541,2018-08-27 01:04:19,170.0,27.49
939000c8ddbd3a61d9038479d0be4009,1,11e02f2cd150fa54525a1109f61ea2de,ef0ace09169ac090589d85746e3e036f,2018-04-02 18:35:19,118.8,15.71
c3341ac81d23f61418efcca37cff454d,1,0587bd8ea43108a16104b1430c15b283,d94a40fd42351c259927028d163af842,2017-11-16 01:35:23,129.0,28.28
576b53e8a0ba4dbac33bb12976bf8754,1,98ec655119c24de03b804696821f3955,620c87c171fb2a6dd6e8bb4dec959fc6,2018-03-01 08:10:26,49.9,15.1
b211184b294bc46861ba034d76f2bf79,1,49b92145c5462c320ff0b22ea9e240f3,0be8ff43f22e456b4e0371b2245e4d01,2018-03-19 19:30:24,39.9,12.79
21e668861c7c6205d1e20ce7b24fae41,1,1fb344134cd7164d32dea4d87ba3ec5a,23c38debaffe4a25a30fdbd9b586a13f,2018-05-09 03:55:22,127.27,22.6
a80b9e4d406b12636bb0f6792cd1862d,1,e03102efbc2229024c89be731f0aedcb,2c9e548be18521d1c43cde1c582c6de8,2018-03-07 02:48:59,34.9,9.34
479b6ef981f240df12226a5ba0abffef,1,78f29023586e374cdc3773ce0af6bd2c,960945e1a9535cbc0cd6ddd35fbe7ae8,2018-07-26 11:03:32,127.26,13.19
51dbf092f04368fda17fb25eb2d75eca,1,04939dcb29e2a26106610d8e1ef03b98,44073f8b7e41514de3b7815dd0237f4f,2018-02-15 14:29:04,128.3,23.22
1d80070bfe715fe0b628207297d72eaa,1,420921e97463577fd5cc62c687d90bca,53243585a1d6dc2643021fd1853d8905,2017-11-09 16:35:52,283.2,22.78
d186bb303793c5c807a392fbd08e88f6,1,72dd2e7b7e10b8a4083e53c7867c1564,a06c8ff043abea0528ee44171e2140a2,2018-08-08 06:04:21,31.25,7.96
a646e30f512cd6a45275f8808e6bc676,1,288dbc06591742c5d7fe90fbfb08943e,9add47bf45ce8e8c7db6b9cf670b1e09,2017-09-08 19:35:09,109.8,18.39
ec9a45db197262577280e38de1889f3f,1,84412fdf17ffe7f7b52913a82e73b5b2,c3cfdc648177fdbbbb35635a37472c53,2017-06-14 12:43:55,169.9,19.43
462ac93c107f9de96346db36168256c1,1,8317b177579dd27ff068b83205e2169b,4869f7a5dfa277a7dca6462dcf3b52b2,2017-11-17 13:06:54,195.9,16.12
714139cb1b46c8e5aee546ebdb5aeb4d,1,657247f6f60543b93e3cc708a8e6329c,7ddcbb64b5bc1ef36ca8c151f6ec77df,2017-11-30 22:13:26,248.99,60.29
93d9dad77a7490e2f2618470129d8f83,1,80be7f3c94ee90b42197f718de0ea371,612170e34b97004b3ba37eae81836b4c,2018-07-10 08:10:53,429.9,19.94
c41906f7053eefe5d449b6b4507fb216,1,0727e18d559a15ca5b2b9f76274d19ec,8b321bb669392f5163d04c59e235e066,2018-03-23 13:09:19,12.6,19.04
140c901be097e36e0ee9e2249e97dfdd,1,a35a9f46dcee0a67c8c7ad8493eb4135,85d9eb9ddc5d00ca9336a2219c97bb13,2018-06-07 13:13:21,25.52,13.47
727c518f08e50c90816678d404111db2,2,5dc2803129fe8ba196cef70c76d6ddf5,2b1a40c1daabc6ca280c4b815c101841,2018-01-26 13:46:56,259.98,56.26
b7f9c9109dcd289ae63ca77bfade44f7,1,9a46ea3c561cf8075d59a39256461e73,95cca791657aabeff15a07eb152d7841,2018-07-04 23:30:34,9.99,18.23
9c074b1d5c9fcaa13fdea5c761dca404,1,4aa6014eceb682077f9dc4bffebc05b0,b8bc237ba3788b23da09c0f1f3a3288c,2017-08-14 04:15:20,294.99,31.1
12fadfa917595c54415e404234e32d2a,1,8fbcb15797c830eb81cb3368ffe4a851,f8db351d8c4c4c22c6835c19a46f01b0,2018-04-03 09:07:21,32.9,14.8
af4de21fc01c7d4570f5bcbbb28cbd75,1,583f158587cdecda3e8bdea694021e39,955fee9216a65b617aa5c0531780ce60,2018-03-28 02:50:58,45.0,16.32
129c72226e320a7bf5b89efce442afd5,1,ee57070aa3b24a06fdd0e02efd2d757d,f457c46070d02cadd8a68551231220dd,2018-02-16 03:31:55,74.9,12.65
585373fc4f46e52b354d122d73e67fab,1,a55b43b743437ab4a7ffcfc47d2927c7,8f54d64f28a993550aa7943f12572959,2017-11-17 20:30:30,75.9,18.1
e8a6076acc910f75cb8b149ecc89441e,1,eb6663ccd7aa2159c1f15e557cff4a3a,fa1a9dec3a9940c072684a46728bf1fc,2017-07-10 12:45:19,129.9,16.67
6779a7a489f7ad48ffd7ac5472345008,1,3509901ff64b893ac034805e4ebc7dd6,febab0275244b9a49a623f0bd613ca2f,2018-06-13 20:12:23,117.8,41.3
d4c7d646f06e6b9cd7435413052a24db,1,bace90a7338e9d31371ad47811cf4c7d,1a3df491d1c4f1589fc2b934ada68bf2,2017-09-07 23:55:12,99.9,18.27
d70a8dce003d1e26d1d5003bb5839892,1,092be1e8336fc404c57bd5970d056886,cbd996ad3c1b7dc71fd0e5f5df9087e2,2018-07-18 17:00:36,66.39,14.05
44a7a7517b62c54dff21797684d6425d,1,8580e348f827bc4699d12de9afc2305f,54a1852d1b8f10312c55e906355666ee,2017-09-21 10:10:18,29.99,34.15
ae2d7541c0bf40bcdf14b7fe20c00eb1,1,d4eb057c3dd5e4c9513bb461e9bb8ae1,aaed1309374718fdd995ee4c58c9dfcd,2017-04-10 06:05:28,119.9,15.01
603a62e519fda3b31500e93d9d74da62,1,aa5a88580b8e6e569915aa42f1526dfc,8931a84a914b3fe9b1ddaa4d704947ca,2017-04-25 22:25:19,69.0,14.65
d2875d0fcdf781a26064f20e778831b7,1,b1631003bdbc3b1e876f83a7d851d74a,cc419e0650a3c5ba77189a1882b7556a,2017-09-08 20:30:14,56.99,14.15
55573ba9c7c0f45fc1c1b30bb498bbf6,1,1aaa4a6171009c44a3d494048d9751f5,d91fb3b7d041e83b64a00a3edfb37e4f,2018-05-08 20:55:33,166.0,8.51
f66ab2fcf6eb4fbb8c027f16de902cdc,2,e1bf2f209fd2b08e1af3ed71732d9008,70c27847eca8195c983ed7e798c56743,2018-08-08 13:35:09,168.99,16.08
d71bc96c14d72c5f5b76bd286d6304f9,1,3bf95cf337a8c87435a2949c48350fc7,e9779976487b77c6d4ac45f75ec7afe9,2018-01-29 09:59:22,97.49,12.64
3fc22e5676244cf405146dd191909147,1,3f14d740544f37ece8a9e7bc8349797e,6973a06f484aacf400ece213dbf3d946,2018-04-13 13:09:05,84.89,7.94
feddddfdc57fdeb9137220406b82439a,1,36908dfc3aabeafc9039dc2365586c0e,670c26e0f1bf8d0576271d5cfaec6d2b,2017-12-21 10:31:56,116.0,12.94
3182ecdf3da0331bf56a6b4ff5e069d7,3,b0f4447a9530af5f5bc2d17091704558,77530e9772f57a62c906e1c21538ab82,2017-11-30 00:31:31,139.9,47.51
9eaa15eedf8382166c4796542bb0d302,1,56537b99d06c3516aeaaadad438c9f64,f1fd5ab1181f827ffad998c1a5de7d74,2018-05-16 19:56:41,109.0,9.5
9b655375d54c9b7986a07f3e5a839545,3,9f1c3e71d56894398a42b050b07f1baa,92eb0f42c21942b6552362b9b114707d,2018-03-29 16:30:42,11.87,7.39
7844d511767a3dbe9411602e49a0ac38,1,ad7c531c2001111873dcfed9d8317439,7a67c85e85bb2ce8582c35f2203ad736,2017-09-08 18:55:10,59.99,17.67
58d6b7ad12ad08c7c8031d623ea2219d,1,11edd101079c39b8f444dfd7bab5c9f1,7994b065a7ffb14e71c6312cf87b9de2,2018-06-25 09:18:25,47.9,18.14
e65656d2103b156e7f60dfb3e27c3762,1,8c591ab0ca519558779df02023177f44,a1043bafd471dff536d0c462352beb48,2018-03-15 14:31:24,110.0,29.08
c9b70da85e0373973856f7a37dc6f5d4,1,b584de1994f604fa7dfd0b6b9c6c1b99,a17f621c590ea0fab3d5d883e1630ec6,2017-07-27 09:15:17,55.13,15.14
e7adaca753bdafdfdee9f2ecc2effd33,1,4308439e0d80d5fe03f17ba83b57c493,59fb871bf6f4522a87ba567b42dafecf,2018-01-05 14:46:47,219.94,17.3
9f7cc89191a32daf25766b274c7f6b19,1,e8ce8d12c0a9e255475c8098260d3ca2,d97df38225e5abadaff1e72cb72b823c,2018-01-11 02:35:37,185.0,10.11
1580aa3360c01bdd268dd1665a8ff929,1,36f60d45225e60c7da4558b070ce4b60,8e6d7754bc7e0f22c96d255ebda59eba,2018-02-07 02:53:00,89.5,16.39
ece689b6d40d88ddb1a8de932fe6572a,1,7814c273ab16783d73a9863ebfa8b141,1025f0e2d44d7041d6cf58b6550e0bfa,2018-02-02 19:19:29,250.0,88.37
2c52873e8d170a8426be048f8321df84,1,e940125d0a3c309f58f41cd21e39af06,6039e27294dc75811c0d8a39069f52c0,2017-12-01 05:35:41,369.9,26.9
0a393be90b03100dcea4aa21f2e027ec,3,0369a47f7ad96df46ad8ed76767de8bd,2e1a7d075abe038c1b2743005fe42ff1,2017-11-23 16:26:11,39.9,20.21
7cbc58346dce935abff14a7c5a0488f5,1,9ce4603565c839785b24a7e95e28f4eb,59fb871bf6f4522a87ba567b42dafecf,2017-01-30 09:15:18,119.99,17.68
e9b5d1d44378ce54c7b56139f2efba49,1,de20d07a4cb6565ed32339ba6a9ea541,f3da5b2ff499efb8d4a6d371d175d7dd,2018-05-22 18:19:14,39.28,22.93
cd4b336a02aacabd0ef22f6db711f95e,1,9169f70b7ce1138ac35678432d1e5ff2,1da3aeb70d7989d1e6d9b0e887f97c23,2017-10-25 00:36:08,29.99,7.78
25d6858f3b1d2f332623bdccb12db9eb,1,6f3b5b605d91b7439c5e3f5a8dffeea7,7d13fca15225358621be4086e1eb0964,2018-08-14 15:50:07,155.0,19.19
a611321b36103c43fd31f578c7c6e459,1,11ea7ef0494533fd1015c7140874cf0e,556a6409838156ea299c9d1f9e2dde43,2018-08-15 23:44:33,114.0,19.15
7b35b8f7e47a6895e3fc370d47dde02d,1,18047039004204f52054f74b9503b9fe,a673821011d0cec28146ea42f5ab767f,2018-08-17 04:55:24,124.99,18.09
0f916489801ab47804cc7da10fe0dd6d,2,7efd7d1a1a985eae9fecdb134fd657d3,a673821011d0cec28146ea42f5ab767f,2018-05-17 16:52:25,69.9,13.48
3321e84343dd41e813cac2b2d6ed3f65,1,4ae9bdff117a3fa23f6f9d146a65f698,7b07b3c7487f0ea825fc6df75abd658b,2017-08-30 09:50:16,159.9,18.37
1b3f223f58c9bc6eb519696b4ac16cd5,2,21ee06f7fd37a6fe4841865339411674,7ade73f1b9b4e965f9009a4c3a7e2c15,2018-06-14 03:11:20,39.0,12.79
bd3fc7c13b5b892f17bec72d8c6824ce,1,928e52a9ad53a294fdcc91bcf59d1751,955fee9216a65b617aa5c0531780ce60,2018-05-16 13:17:19,130.0,10.91
dbc1c19f8bd4df6a9271d408ce48c776,2,62d8daeee0db3a60c234c2d1bfd10651,d2374cbcbb3ca4ab1086534108cc3ab7,2018-04-19 17:52:26,30.9,12.79
70b9629a764d2247cf5995014b7204d2,2,525947dbe3304ac32bf51602f9557c12,da8622b14eb17ae2831f4ac5b9dab84a,2017-10-26 13:49:28,114.9,18.05
f304e3c6d822b7221cb9df972c3ecd4b,1,1108e11fe60f34cb7f2a832d96c17137,17a053fcb14bd219540cbde0df490be0,2018-03-22 03:30:57,179.9,26.92
8a903d20555a91edeffd6eab45743f26,1,f2af004352a06a99dca765596240cbc3,f4aba7c0bca51484c30ab7bdc34bcdd1,2017-02-03 11:44:24,23.89,20.0
9bc5470258187bd978ad5e82284375fe,1,12a146749cb72ebfde01a89105df1897,e9779976487b77c6d4ac45f75ec7afe9,2017-10-13 02:25:05,29.0,9.27
f77f2b95a7b6f7fcabbf99ff2c58dbe4,1,054f9a8859dc532322504741c66d799f,dfa0c4c6229ab200a4a1336b4d7128ff,2018-06-12 09:11:15,79.0,22.26
0e767a1aa94def2bf5f3520ddb1dbe96,1,913dfadde395f6049127173cfbb96121,85d9eb9ddc5d00ca9336a2219c97bb13,2018-03-05 22:27:05,31.9,14.1
ad9e44af42db38670b57f8df1451b739,1,31a2f42a87890f87d77daebdfabc182e,4c03b9dd4c11ee2cb35c96c49efc9420,2017-05-12 15:15:12,129.9,12.3
9cb82a3ae51fb07b957662bdff7a189a,1,8e71b24c3e25a92fef6176120a67fac7,8e6d7754bc7e0f22c96d255ebda59eba,2018-01-11 02:35:47,159.99,10.53
7d25201b841d0a91a003edf192834005,1,1e1172a8b6ae12312c22ccf33625f7ca,e5a3438891c0bfdb9394643f95273d8e,2017-08-21 03:30:46,29.9,11.85
2939b6d48c2488e276205bc547c56aac,1,85b2e22dc10456c8ce7b81f78ba8624b,da8622b14eb17ae2831f4ac5b9dab84a,2018-01-11 02:38:00,179.9,15.46
e95d501ef62dcec5a8d1a7eb222a02b9,1,8c591ab0ca519558779df02023177f44,a1043bafd471dff536d0c462352beb48,2018-02-01 17:32:20,120.0,45.3
90a1136478f67bd64771c2005599a559,1,3dd2a17168ec895c781a9191c1e95ad7,de722cd6dad950a92b7d4f82673f8833,2018-08-07 12:05:31,149.9,23.77
2d8e71bf7d31a41d40f122c8173fdf06,2,00210e41887c2a8ef9f791ebc780cc36,e9779976487b77c6d4ac45f75ec7afe9,2017-06-08 02:25:25,32.98,15.1
d30d0c9c3a766ca0d558a205d4579320,1,69455f41626a745aea9ee9164cb9eafd,58f1a6197ed863543e0136bdedb3fce2,2018-07-16 00:35:15,149.0,14.38
26e7606527e710486939428227c703cb,1,5aa94fb8e895c82912cf9b8bea8fdff5,ff69aa92bb6b1bf9b8b7a51c2ed9cf8b,2018-03-11 22:15:32,599.0,58.0
78fd4a4b2afff4fcbca37fab3ed1b0e6,1,c0332d0c0813a4e26badf2e7f0b348cf,fa1c13f2614d7b5c4749cbc52fecda94,2017-08-30 14:45:20,579.9,24.86
0e784a85d6f7aa0ffe9a41d81f5a4ecf,1,1613b819ab5dae53aead2dbb4ebdb378,16090f2ca825584b5a147ab24aa30c86,2018-08-06 05:15:25,27.9,7.46
9b868eea4222da7b3b56036ba3412cdc,1,7dd3fec3502f7ef333da2a73e00db394,a888faf2d1baececa6baf9c3d603ee1f,2018-04-24 14:51:15,249.9,15.83
b72eceaf3e014a8336da6b52928715f2,2,02ce0c74e59d6cf6bc9026601414a9c4,a1474fd46fd3430168f7ec202da39408,2017-07-03 04:15:23,110.0,48.45
f9e4b658b201a9f2ecdecbb34bed034b,1,d1c427060a0f73f6b889a5c7c61f2ac4,a1043bafd471dff536d0c462352beb48,2018-02-08 10:31:15,149.0,45.12
1c68c68cddc15f7e365dc53a0e91e8f5,1,f0f5a9211c208c91441a70cb5241214e,e9779976487b77c6d4ac45f75ec7afe9,2017-11-03 00:45:47,76.49,8.28
9395d4c9e6eb2f40828f955c8bce1686,1,bb50f2e236e5eea0100680137654686c,f7ba60f8c3f99e7ee4042fdef03b70c4,2018-06-20 20:21:26,330.0,14.97
70265e39902a914077a038864209d3c6,1,d6fe3b4ddecd4a8393c6a1385de3bfb6,7c67e1448b00f6e969d365cea6b010ab,2017-08-09 09:50:15,199.97,53.41
eb829be78140383da9cba1b8fc2c6c6f,1,5a6e53c3b4e8684b13388d6aa4afdf12,7299e27ed73d2ad986de7f7c77d919fa,2017-03-20 11:24:10,14.99,10.96
00d1e381c0995f0bdb95909fe7434d0b,1,23227b07fc69250d2fa4be6602011aea,e38db885400cd35c71dfd162f2c1dbcf,2018-03-29 16:10:31,64.9,20.18
2504a8e58ea5a99cad95669ca061e307,1,0b5c0ecd14105464e2b879a307092e3f,dbc22125167c298ef99da25668e1011f,2017-10-26 00:37:27,48.9,14.08
fc5940447e1729d88293fb999ad3c2da,1,d2f5484cbffe4ca766301b21ab9246dd,36a968b544695394e4e9d7572688598f,2018-08-07 22:50:16,12.88,12.79
8f22f06e256ac729f8a1850a4a36edf6,1,121f7f44c9e25be4873ca9296542ebd3,6b90f847357d8981edd79a1eb1bf0acb,2018-07-05 21:10:17,65.5,18.26
8d6793a90c7ed801dbea86d6271e3bfe,1,deb523ac578bc09b1b3ef13e66dc295f,a888faf2d1baececa6baf9c3d603ee1f,2017-03-21 14:41:27,195.9,17.07
0209ef2fa3cce5eb798c98f5b6142849,1,4debd977b5bc245487ec61b7961b16e3,92eb0f42c21942b6552362b9b114707d,2018-02-28 22:55:29,12.67,7.78
38c69a1ea85be350abf04516e9527573,1,6cf22bb1523c34ad8da500d1084155a5,fa1c13f2614d7b5c4749cbc52fecda94,2018-06-12 18:30:20,144.9,7.88
2d2ce74a9a75fd5144160b74f0d536cc,1,8b5a201cdb79e1962baa08534f71d382,fa1c13f2614d7b5c4749cbc52fecda94,2018-08-01 18:44:12,149.8,9.49
b2fc720676930e0f9f3c1e472e8cddad,1,6d6a3d7c546173af704995f09e1edc58,5058e8c1e82653974541e83690655b4a,2017-10-26 12:06:54,24.99,19.84
95238556fec6ef59d8ed25b4379008bb,1,5f504b3a1c75b73d6151be81eb05bdc9,834f3294fba9f932f56edc879193f925,2017-09-10 21:55:25,610.0,37.54
6cd3f2ca1a0a50c0500752842d4dd018,1,bdc1cae635cc5a6a09d9481495b890c6,8a130737016f838139d31878787a39c9,2018-05-23 22:58:12,24.7,19.6
fcf235b93f4a81b6f5125059c9793465,3,8ab78b6f871fd72d1ef38097498b70b7,6860153b69cc696d5dcfe1cdaaafcf62,2018-02-13 22:15:28,39.99,41.0
be625dc4e32d2e9edfb3a252306884da,1,5977232d42fd3aaa6789e1f50933661b,bc30de0d71bd6260b936a026b5cf7200,2018-05-02 16:31:54,98.75,15.57
1da6c2d53ad9f033ccf54f16801546eb,1,0152f69b6cf919bcdaf117aa8c43e5a2,d2374cbcbb3ca4ab1086534108cc3ab7,2017-10-13 15:15:16,13.9,34.15
352624ca0ead1f999686becd48b614c8,1,d04bbac48960ecb7ea311b00ca6e1cb7,0dd184061fb0eaa7ca37932c68ab91c5,2018-01-23 23:29:54,104.0,27.05
2ccc4ef33a6274500f8eb7b10c5f4b39,1,a5a6a6f715af9f3f16761c445f932103,aafe36600ce604f205b86b5084d3d767,2017-07-05 23:10:13,59.9,9.94
628208ac37365620cce723ba58775d8d,1,7bd42138fcc3aec6e8a0494f5a34bd25,7299e27ed73d2ad986de7f7c77d919fa,2017-11-30 01:33:22,79.99,15.31
c745c678c9834e0c537732afa099248a,1,99b5252f661c113b53ca9fbaae9dd3fd,abe42c5d03695b4257b5c6cbf4e6784e,2018-05-09 11:54:42,279.0,16.83
7656e54ae9322214b7459746ca6076a8,1,61d01171a3784bab50137290350e5332,4992e76a42cb3aad7a7047e0d3d7e729,2018-05-09 22:30:31,29.9,8.88
8cd68144cdb62dc0d60848cf8616d2a4,5,002af88741ba70c7b5cf4e4a0ad7ef85,3a734b715d333a2588a3d54a0c9b8746,2017-08-10 02:55:16,39.0,16.11
24cb2cb9a2ced76369e359626d439ad8,2,d9d4c1378e3c6564f55c02bec84e8f2f,5a8e7d5003a1f221f9e1d6e411de7c23,2017-02-18 13:54:15,59.9,11.03
c1cc6a6a6730197d8b7fef1132942274,1,143bd097a677b205de2380a93b1f1a99,59b22a78efb79a4797979612b885db36,2017-09-14 11:35:18,169.0,21.09
eb499e69dd66045ab639c5fe90ad93f0,1,3e0da944edda889e1287894ad28d9ed0,2199e7fe213c16213bf5d6a7eadc9a5d,2017-02-18 10:02:03,420.07,22.44
8bfc859f734def7a579d24fe9b618da3,1,f348ae21168771dfd5b8081e387b4f6b,4830e40640734fc1c52cd21127c341d4,2018-08-21 03:09:40,23.0,22.09
4b7a89627b118c5e00e13f57888293ff,1,553e0e7590d3116a072507a3635d2877,1c129092bf23f28a5930387c980c0dfc,2018-01-12 21:48:17,45.9,26.89
29f4481c82fe8804ae3de770fd4012aa,1,a39cc58c1b5926b6f9f378daa89f1315,1025f0e2d44d7041d6cf58b6550e0bfa,2018-07-31 13:24:42,150.0,83.97
5236307716393b7114b53ee991f36956,1,3aa071139cb16b67ca9e5dea641aaa2f,b561927807645834b59ef0d16ba55a24,2018-02-06 19:11:15,248.0,17.99
496879e6aacb9458a76bff96eed3c201,1,675dbd52c3dadeafa9a8c96ea5a9bfc6,9e6229250fedbe05838fef417b74e7fb,2018-05-25 11:12:18,149.9,15.14
22c05027bd97d6cf4376df52e0a7e5a2,2,5b8f7ebec7ae66255b5091a6efc2689e,276677b5d08786d5dce7c2149dcce48b,2018-05-14 09:50:38,17.9,22.06
0988e6e21a5bd6dee0c95d3a85970d98,1,2480cf865df7d91234cf0ea77e8bd68c,7299e27ed73d2ad986de7f7c77d919fa,2018-06-20 22:16:03,210.0,24.62
a1ca351ecfd6a7962ae956aeb0c9f96c,1,7dad8823339023bc68054e62d1e9a761,113e3a788b935f48aad63e1c41dac1bd,2018-05-02 17:30:47,7.68,18.23
2d5eba84336d0f61b5cc25228d21b8ee,1,e117ca2a90cfd40b93450b0b60f834e4,dc4a0fc896dc34b0d5bfec8438291c80,2018-03-23 10:07:25,113.0,23.37
38c0490a36e405db00241fdefccc38f0,1,0eda6e310c91549299a2f97d0354f7fb,57e632711dec9ec14ca7546769483e7e,2017-06-09 14:10:22,104.0,15.48
5b11be6198779a98de48e7ad6ad1c941,1,16048247166ec654c76c845f308c85f5,17e34d8224d27a541263c4c64b11a56b,2018-06-27 11:59:16,113.54,13.46
83c6401c172501d8dbb2cb1c89a51b01,1,97017430754804328eb9597b7f85da03,ea8482cd71df3c1969d7b9473ff13abc,2018-03-27 02:28:18,27.99,17.06
36c048c109a2a9cedf85acc388be9f57,1,b84042ec39a089de420e18ec3c57cf34,850f4f8af5ea87287ac68de36e29107f,2018-05-18 08:13:59,599.0,17.55
c8ce9a6ce9e77be6a9d5fe31e7496c34,1,7a6750f9cb558b9fc79dbfa0d121a589,d1c281d3ae149232351cd8c8cc885f0d,2017-09-27 18:25:00,117.99,13.85
a63a3d3aceb23878150f9186b9bed935,1,bace90a7338e9d31371ad47811cf4c7d,1a3df491d1c4f1589fc2b934ada68bf2,2018-02-13 04:15:36,89.0,29.18
e684eea8e657e070728db7f897e2c6ab,1,f9377612042bc929a4aae64a8dbc58da,16090f2ca825584b5a147ab24aa30c86,2018-07-02 01:11:17,27.9,18.3
73421a5bdd55f86529569549055d9e82,1,12cc2ed46e4c9ea184a622881afc1de9,6061155addc1e54b4cfb51c1c2a32ad8,2018-08-09 12:04:33,148.0,19.14
91f8127396bfce32461d286408e16167,1,2948658cb6abc82847412be7201bfc4c,955fee9216a65b617aa5c0531780ce60,2018-05-04 19:51:08,110.0,13.67
aed8573ac2c1e7bdccb04472bbeaec39,3,555796dfc4799923dc94be876085279c,1d503743d2526f03f0c2c89540ee008c,2018-04-02 14:47:55,24.89,7.39
3087dfec43100fd80fab47b128aeaea9,1,99a4788cb24856965c36a24e339b6058,4a3ca9315b744ce9f8e9374361493884,2018-03-12 13:29:58,86.9,17.52
de6ecf000012d5db3960671b364f9c33,1,0f322750505d1e7d8c79269bf22aecda,2138ccb85b11a4ec1e37afbd1c8eda1f,2017-07-10 08:23:57,49.9,16.79
cc94498194148d51cfb085f11338b383,1,076e4ce53c8914382e7ff3732511b17e,59fb871bf6f4522a87ba567b42dafecf,2017-04-06 23:50:23,99.99,21.15
86efd7c29e904b20b31e862644db7ece,1,7c55ea4aea1acf1ce11440010f5aa298,955fee9216a65b617aa5c0531780ce60,2018-05-16 09:14:01,399.0,14.02
91d62a361b8c239a73fa1d50961da3fb,1,3846c262ddb08db0ea2cc1a1685590ff,7bcd7c5f8631701474db233ccf1c094b,2017-05-19 14:25:14,35.0,14.1
f03434727c9a50ca23feaf58ce218aa7,1,aca2eb7d00ea1a7b8ebd4e68314663af,955fee9216a65b617aa5c0531780ce60,2018-08-23 04:29:47,109.9,27.07
9e59d7a05399ce3b14328231dcf4bab8,1,025dcf8f0a969c92d254bc425b380685,b4ffb71f0cb1b1c3d63fad021ecf93e1,2018-01-04 11:15:23,17.5,15.1
5cba8bf344b3cd25e28cc401cd3a89e7,1,d5991653e037ccb7af6ed7d94246b249,25c5c91f63607446a97b143d2d535d31,2017-06-08 14:42:59,149.87,14.78
4020cb1ac77d7c6009ac62522296521b,2,3b10cf7d1e08c598428ad6eb7c59d09c,8a432f4e5b471f8da497d7dc517666e2,2018-04-20 20:11:26,99.0,19.66
3202d54e102ee571b92aaba84b2a7696,1,8983a3b149303c013fceabef902e835a,9f505651f4a6abe901a56cdc21508025,2018-08-02 19:35:11,99.0,8.85
f63534bddbd95cda0a1f281a1994a1ef,1,96b84df3582b12cc062543cee325b38e,0ea22c1cfbdc755f86b9b54b39c16043,2017-03-20 02:01:32,24.9,14.52
386725597660fc7a49b706655de2ffdf,1,88ff969d40429ca9a43c4e09620d6101,994f04b3718c2bab35c2adfa8afecd2a,2017-11-30 15:19:28,49.9,9.74
4f0a2c058df62bfe77f0e0e1e1ca66eb,1,30ac6df06dc59ad72cf2f158fc2d904c,0dd184061fb0eaa7ca37932c68ab91c5,2018-02-22 18:26:51,120.0,17.55
1e2751c3d3ccebf99f0de90d7fd2b279,1,61e0273e790dee51cd095c1ea887bf23,bc302730ea8cf49b5c74f579febb5bbf,2018-05-14 21:11:32,21.99,15.23
193a665b822ac18f6b67b7705da3d66c,3,4b703444923b5e57bb73ba343f5ebab7,42b729f859728f5079499127a9c2ef37,2018-05-18 11:14:19,35.9,7.39
f8501c44660f66acd201a4fbb6c7c997,1,b520b78a494cbd6e36d7a1c64cdffe0b,b3f19518fcec265b2e97af287725f981,2017-08-31 12:55:20,41.99,12.69
c8aae809e0a82502cf4254f5b9fd463e,1,9760ac8ee2522566f6779aae29e417f3,0747d5bb69f0586cc869d8af4c50f93e,2017-06-08 01:22:38,27.9,16.79
04276973bd289a01c0eb40a277fd919d,1,18241450338cbc5751c433970f3f1060,cca3071e3e9bb7d12640c9fbe2301306,2017-07-27 16:45:15,66.29,12.8
bad9804e1f16ed9115e1373a6d5fb3fd,1,b7605b5b483063d12bd90a772bff9d21,4a3ca9315b744ce9f8e9374361493884,2018-04-25 08:30:25,48.0,18.23
171b2216b2d1b1f42bc9481f06dfaa40,1,542d6af4881a5a647cde02c201f43916,1835b56ce799e6a4dc4eddc053f04066,2018-08-10 12:35:17,38.99,19.46
016e4acfc34b9f2abc69795f47c92f0e,1,b1cbf530dc2a793ced8e0768ffcce501,1ca7077d890b907f89be8c954a02686a,2017-09-21 14:10:19,45.0,7.78
7a648e7b0dcf4e65e1348e16a245eca7,1,fa23bf270fb9880690b07d09b9f9ff20,1b8356dabde1d35e17cef975c3f82730,2017-08-10 11:23:11,59.99,9.34
8a9a62b38ed8da3c86f13cde8cd3743b,1,e9a69340883a438c3f91739d14d3a56d,1b4c3a6f53068f0b6944d2d005c9fc89,2017-05-04 10:32:24,169.9,38.15
9a7d887bfce614393f07fa23c246e26a,1,edfbb2566914ddd223d3bd6fa1e9693c,8444e55c1f13cd5c179851e5ca5ebd00,2017-07-24 10:03:40,329.2,18.06
7b9af3037e0cb2e52c45aa906500e759,1,d59349a33fcba18707a61aa852c02c5b,7d456afc660226829370f3173d14520c,2018-08-14 03:25:15,68.0,14.06
3240c29a58e0f5100088c091d4a9a0e2,1,8ea331107c7373a412b73374be7c6736,4ea2f12dbe91deeacd2c1e74f069a6e6,2017-09-17 21:30:23,38.9,7.78
31a6cbe67abc9e5414688f0f59681ec0,2,fb14dbd8b5d4195d70df81f35b593889,5b33b527da3c5b969cc99dc435cad09a,2017-06-29 17:43:11,29.9,16.79
03c6017ed63622d5a2ddd03fd0b1fee7,1,cd9dfd413f60d6cdb25aa4a3e1960e59,0ffa40d54288e4f3499b8780dd0f144f,2018-02-21 18:10:31,65.0,16.21
0b4526b3cce3a48ec0506b923481cdfc,1,a00a22560435cc439faf6163eabc1ef8,2138ccb85b11a4ec1e37afbd1c8eda1f,2017-03-27 13:29:54,18.99,16.05
6d2010e542102f9a4ba2316b70a556be,1,3e4176d545618ed02f382a3057de32b4,02f5837340d7eb4f653d676c7256523a,2018-01-22 07:10:34,129.99,17.16
de745e34eb24d2c0c2b46c6e86659127,1,d9cbadc2f61272c79987920607db84f1,d71d863e5ef30d94e440c11be17dcd8f,2018-03-27 14:29:54,269.0,23.59
4adf97ca6d3e14379dd9e26d2a6335e0,1,151259fe8ced305ca05dc771fc72d711,4c2b230173bb36f9b240f2b8ac11786e,2018-03-26 03:30:41,15.9,7.39
7af964692dbab0c7e5f70ff30f03b7df,1,5a7373ba4c9b3e13513ded06cd1986c4,e9779976487b77c6d4ac45f75ec7afe9,2018-08-17 03:30:08,33.49,7.97
9811e9a18a958540d5b173727b2edf95,1,6165a3006a26ed2835cd16fab97442ba,fffd5413c0700ac820c7069d66d98c89,2018-02-15 16:27:47,52.2,17.62
dfc8f9a5ad0aeeca78deee699a7a570e,1,99a4788cb24856965c36a24e339b6058,4a3ca9315b744ce9f8e9374361493884,2017-04-27 23:21:51,89.9,25.12
84d7b8f09ab474f27e37c8d220a996be,1,982565327a800a467fffeac070672ea6,87142160b41353c4e5fca2360caf6f92,2017-03-07 13:42:07,79.0,35.0
c274a2e17f75d6af15fc30bbdb0aa44c,1,f71a7c95a86564873cd996896b2976f6,955fee9216a65b617aa5c0531780ce60,2018-01-11 10:07:54,90.0,9.44
51bb13153af861b1c5967b91c735bb8a,1,f39a8b27ce90ac582103bf36f09690dd,16090f2ca825584b5a147ab24aa30c86,2017-09-18 21:10:14,319.0,10.98
8b69e25aaf296391c63e1158984ed9ce,1,d10f7bc1a57ebe26d5994076f2bfa06b,8ae520247981aa06bc94abddf5f46d34,2017-11-17 12:06:43,259.0,16.56
8516c79299bfdf176ffe9801f3ff146d,1,88bd8458fdc2ceec3e71ef1d867a7b45,92eb0f42c21942b6552362b9b114707d,2018-01-25 09:10:15,11.95,14.1
6c78a9434dea28ba5f0dc29840509e67,1,12667a519a4a3094eab02f5841b07409,6560211a19b47992c3666cc44a7e94c0,2018-06-14 16:31:46,39.0,7.53
491796bba785a397014b993ef8006380,1,fad824f446c61e0e6e1e8644c17a9f59,53e4c6e0f4312d4d2107a8c9cddf45cd,2018-02-01 12:21:39,19.36,26.89
2d33f101d4220c7eff9e64679870dd44,1,e5bd04e8e3cb77f1a49404d588d3e528,f7ccf836d21b2fb1de37564105216cc1,2018-03-27 12:47:38,31.9,13.71
0f57f8c8546ce0d3837910801250d944,1,9b9d1c4bd979b93c138044e032f99780,7a67c85e85bb2ce8582c35f2203ad736,2017-08-23 21:10:18,99.99,11.9
b30fb34686fab6a41f51d78d944b6f41,1,723ead29958198e721988ee6d3022ed5,1bb2bdb95f4841f1bba2c0d2cd83d3c9,2018-03-01 13:31:07,9.95,7.78
7b8d0a893743d55557532e35a0b73a31,1,bd43ce19089eb3d0631afdc559a57b3e,2e90cb1677d35cfe24eef47d441b7c87,2018-05-02 22:15:09,139.4,15.88
7ffcdcd61ff7eb4f55adfcfe5940b9e2,1,b74dc0cea31c255d5208d2a80c10ae19,2646baaf662d4d92ac48f047e35db92d,2018-08-06 21:45:19,49.0,11.36
fc9478f69096b445f096798b968fbbd3,1,1b7384e0f9f5e4cb914cd3f5535a4cab,325f3178fb58e2a9778334621eecdbf9,2017-08-02 14:45:15,23.8,7.78
99ed5bfea4c7e7191a2412698fc7abbb,1,7ca5f56188492e30c50ba64de188aae7,d2374cbcbb3ca4ab1086534108cc3ab7,2017-03-27 04:23:25,13.9,16.05
61920c076c4c9bd3f5e1cd9d42309139,1,d64a5abc068bfa0e7e1b7ad7f64fe96c,1900267e848ceeba8fa32d80c1a5f5a8,2018-08-17 14:05:32,69.0,23.28
27a6ada08a4daaa908ef8f862441e486,1,389d119b48cf3043d311335e499d9c6b,1f50f920176fa81dab994f9023523100,2018-02-06 02:53:34,49.9,17.6
747996a66f5aa711deb8ae58f5ae46a0,1,2797d3826d386bfda4f347a378b89f4d,48efc9d94a9834137efd9ea76b065a38,2017-01-09 15:25:10,9.9,8.72
555e4d40fb6beea866d46eb6a5a01b41,2,a140e83c184347be1aa71694fe525537,3d871de0142ce09b7081e2b9d1733cb1,2017-09-21 19:05:22,19.9,9.41
335c699e72e2554d20656295439bdcb5,1,bce474cc95b6e77657e10939b0b4248c,fa1c13f2614d7b5c4749cbc52fecda94,2017-07-18 11:23:44,249.9,16.5
4f3ca5ff0917ab7f5c33e83a98ca7a83,1,777d2e438a1b645f3aec9bd57e92672c,4a3ca9315b744ce9f8e9374361493884,2017-10-11 19:07:12,69.9,17.74
30f9a19b0813c91db4efc5ed582b0bff,1,777d2e438a1b645f3aec9bd57e92672c,4a3ca9315b744ce9f8e9374361493884,2018-05-10 12:53:26,69.9,10.21
7802207732bf2bf55f1994667489339b,1,ea9fd984ad61025b0fc6a2a99042aa49,36f98ad67cc981f50ce8aed093d5783c,2018-08-01 03:25:17,50.0,19.54
38422d02f6afe2fd7a700d046a3cabee,1,fa381a4a9af65ea5fc8f3829214045f9,70eea00b476a314817cefde4aad4f89a,2018-05-28 15:15:27,269.9,24.43
73db7f6cd086270ffe2e67b8379385bf,1,138dac44dc568cd36c6f1d1e5e181d5d,f8db351d8c4c4c22c6835c19a46f01b0,2018-01-24 13:13:04,36.9,19.59
897da32e9712dafcf2fb6615aeb3318c,1,e2e426d1332240070b0a836a854d057b,cce6ab8d1682639fe45ab70234f1665f,2017-06-12 17:15:26,34.9,14.08
591398abee6f2509ff5cdb6e5068dc27,1,92c1eb75a887a500d9689fbad65e27e3,7c67e1448b00f6e969d365cea6b010ab,2017-08-04 13:25:19,219.99,69.96
7af09f41da0338028361e811ca9d4421,1,4a211fb7f2b6822d48f63629207a9f7e,9674754b5a0cb32b638cec001178f799,2017-08-08 16:43:33,15.9,9.34
c4fe6f6fb6b226089906913cd4ab8a20,1,685919d3ededc26c0ec078b32241025a,855668e0971d4dfd7bef1b6a4133b41b,2018-07-16 04:31:51,52.0,44.16
3dbaee49e261c2196c0b7be676957e0e,1,37470d84427730445b3b251bb796d528,d91fb3b7d041e83b64a00a3edfb37e4f,2018-08-06 13:20:08,57.0,8.14
911caddee9193485ecfacba64e139beb,1,52c80cedd4e90108bf4fa6a206ef6b03,a1043bafd471dff536d0c462352beb48,2018-08-14 21:30:21,139.0,107.3
a9c89bb4f8fdb0f08903c73d7d4e8822,1,7c1bd920dbdf22470b68bde975dd3ccf,cc419e0650a3c5ba77189a1882b7556a,2018-01-17 10:09:43,58.99,11.73
d74872a40866989344f6470c6527edb5,1,eb719445ec882a7b60518fd8b55c1b0f,7e3f87d16fb353f408d467e74fbd8014,2017-08-28 03:45:15,28.9,15.1
302e20550af8f4aa30223f3cabcc14c0,2,75c06ee06b201f9b6301d2b5e72993f8,3c7c4a49ec3c6550809089c6a2ca9370,2018-01-30 02:52:40,13.99,15.1
9125562ef8d65ae1d7443c3d64d4a810,1,f92ffd606b7b4417f1b714ed4b653e70,e9779976487b77c6d4ac45f75ec7afe9,2018-07-27 10:32:03,75.0,19.72
dd71d407875ef4dd2c29c8eabd2bc56e,1,9ff8568dfb9041b898e65ff4018c8c57,bd0389da23d89b726abf911cccc54596,2018-04-26 12:31:21,99.9,7.88
6cb2000475274ad7e94d1e64f840e907,1,d04857e7b4b708ee8b8b9921163edba3,9f505651f4a6abe901a56cdc21508025,2018-06-22 02:54:55,67.99,16.67
a49b30472ac98d5d5e1889d3ce2974b1,1,4daa4067268d95d34658a10bdc86f1af,d98eec89afa3380e14463da2aabaea72,2017-11-30 15:14:32,99.99,9.26
c031499c4cbb79432ca006cef2104302,1,c945d017108b1d447facbc95385680a1,e48cc16ab70bfa09e1401740dce0b3d7,2018-01-31 22:13:28,27.99,15.1
ed913f2f9db29736f6ef22c4446abdac,1,2b7fc5ab38be42d8f5498267d2ebe344,87d30a6a0cbf89356e49324971ab1d24,2018-03-14 23:30:50,19.99,7.39
13672bbd5446ca25fe82ddc218f81a3a,1,c2a9a78ad1d9a0546b72e6889c999e75,5a6a02f419701fc8c605af71d4fc57a4,2018-05-21 21:57:58,39.9,7.39
e9b3258a406a55c86715a28bf26c98a0,1,99e71b776debf2f01a69dce207e3e4f8,c54679b132454625907c773d273d4126,2018-04-02 14:30:20,69.0,7.87
bf5a0b2281067192ee4215a039245d05,1,179363fe9f0eee05ad34df83c160dbcf,527801b552d0077ffd170872eb49683b,2018-02-09 12:15:37,44.9,16.11
e4175c48cab7af2bed0f9d9001f006af,1,173e9fe34bfe97f3a5e6dc57fe897b74,ba143b05f0110f0dc71ad71b4466ce92,2018-05-18 19:12:44,57.89,11.15
5691108060e2d41f29c317bb5f4d70ab,1,5a848e4ab52fd5445cdc07aab1c40e48,c826c40d7b19f62a09e2d7c5e7295ee2,2018-02-15 17:49:30,122.99,15.61
e590915e0817faa870d3eceadaa9399c,1,0aa889132d2e6b79778488c79d025d99,e62b2d6ac10570a035a30bafcf01d263,2018-08-31 16:11:30,45.9,7.58
98ecfc5c563ee4f1718c29d586a317b7,2,51ce083cd2b9078656a94655ab45b8a4,da8622b14eb17ae2831f4ac5b9dab84a,2018-04-19 11:31:20,199.9,37.53
6d6d16957081d6989c08a9622183623a,1,f0f8e8693b43bde9ee1a7eedfe3d067b,3fac58ce0ad699020c7944d53c41329c,2018-08-14 15:10:15,159.9,18.7
798ad597febc1c2ece313c04fc33d6de,1,b45755e01d70d935e074cdde682bed74,0c8380b62e38e8a1e6adbeba7eb9688c,2017-02-12 19:45:37,89.9,17.37
9aa14168a046c59b46f06deddfa3c9a4,1,8712db6af2dd7ce2e4a97137859a86ec,fe2032dab1a61af8794248c8196565c9,2018-01-25 21:41:12,199.9,9.96
6e9a1a1213572dd3cde6887df64df77b,2,8d7d29e5fb9ff5333009326c87fc04e9,7c67e1448b00f6e969d365cea6b010ab,2018-02-20 11:13:02,106.94,36.38
49bf04fe426e7517bbe768c2ba22699f,1,f995f36cecde1f56edd98fc83b2b0b41,634964b17796e64304cadf1ad3050fb7,2018-03-21 22:30:53,95.0,37.36
31b855608ca69e4146b737745506f2d5,2,f3720bc68555b1bff49b9ffd41b017ac,4b5f66b7adcf57f1ecc0d3c07dd6b177,2017-08-29 15:06:38,175.5,15.98
1bb86f8d6d2967cbf88b8a487d536e43,1,62d8daeee0db3a60c234c2d1bfd10651,d2374cbcbb3ca4ab1086534108cc3ab7,2018-06-15 13:17:32,30.9,50.85
58215b0c6543fc7be2557b0defb786d1,1,95c2f466171b1c183f5e769563bdc7cd,18a349e75d307f4b4cc646a691ed4216,2018-04-12 05:30:11,41.99,7.39
283a7afd444a9a463b7bc938f0344f70,1,027cdd14a677a5834bc67a9789db5021,620c87c171fb2a6dd6e8bb4dec959fc6,2017-06-29 02:05:07,139.9,15.73
b8eddc75e14deb94310c124b0458c626,1,44d097d59e8430f88a67517cd0c4f865,6560211a19b47992c3666cc44a7e94c0,2018-07-04 13:15:13,69.0,7.74
477749bcfe4bc5261ca38dd7fad8859b,1,cd38d11012543d1a98cc357a3bbbb1cb,c33847515fa6305ce6feb1e818569f13,2018-08-14 02:55:17,79.0,27.5
22fe58e8a8084630f52ce3fbb02c9ac1,1,6dde44b4172999f35f08654d06bad633,7c67e1448b00f6e969d365cea6b010ab,2017-11-21 12:50:39,194.99,35.53
6e7d56b33e25e67ee602c9bfb9a63018,1,24e648f338846ab5a977cbe3e0638b19,59cd88080b93f3c18508673122d26169,2017-08-07 04:15:10,35.5,8.27
76e1398ff6f5ed6b681d270df349e3f8,1,368c6c730842d78016ad823897a372db,1f50f920176fa81dab994f9023523100,2018-02-19 16:05:34,49.9,20.7
3c0a214a5ba7ab90427502f4d578b659,1,4380015e3e75bf62b57e306d2f4c2827,d91fb3b7d041e83b64a00a3edfb37e4f,2018-04-09 05:50:23,39.0,22.93
8c3dc89e0f3cb3d2ba28bd9559109b84,1,70bf4f61950297cf24e18a9b84c3208a,6d988d6174a2c27441597174f8905515,2018-08-20 17:25:18,18.95,13.47
e0a341e9f5a2c4c054ef1f49f6836414,1,bba2c8c0d830b5d1eb20f4a343676de5,ef506c96320abeedfb894c34db06f478,2017-05-15 17:30:24,15.99,14.1
2b9028857f54fa9bbb2a049cd5948d15,1,74b68e3a8bb6c6528cf025d1549bc74a,0ffa40d54288e4f3499b8780dd0f144f,2018-03-29 02:16:02,62.9,18.32
2935c56eef4b858e80e28d27d3243b33,1,8c591ab0ca519558779df02023177f44,a1043bafd471dff536d0c462352beb48,2018-08-03 18:05:17,99.99,50.99
e23a2679ade434eac3bad78376898279,1,0aabfb375647d9738ad0f7b4ea3653b1,37515688008a7a40ac93e3b2e4ab203f,2017-10-27 15:14:17,24.5,11.85
53c9a0d2bf333276fee812b2f2bcec0a,1,ab9cf155f8280c3739b09fe341a185e8,92eb0f42c21942b6552362b9b114707d,2017-05-04 12:34:02,13.98,24.84
c9645496b715730a1a5d07eb97a6bf6b,1,41817d1d44000e3105f24470a5224bcb,218d46b86c1881d022bce9c68a7d4b15,2017-01-22 14:56:47,128.0,13.48
2a8d909d2c102155c7ce2c9a24769447,1,a8a24b2139731e4be5246104224f0633,25c5c91f63607446a97b143d2d535d31,2018-01-12 09:48:15,186.98,15.04
6e11f5b6972e1b602699867fc1d5b6c9,1,fa544f2aa7b07e28b921a5b7056fc03a,5a8e7d5003a1f221f9e1d6e411de7c23,2018-07-27 03:04:42,59.9,20.69
1f039c377ad805f38658f64f2102c992,1,3cf03265103348bcecaad506bb66154c,e250d617a0ad591ba9bd663e584a895d,2018-08-14 08:10:16,275.31,37.03
b7cae694c780d4c511f348d882008f63,1,a1efe4a86746c22541813e22e1d23e33,da8622b14eb17ae2831f4ac5b9dab84a,2017-11-30 01:38:47,144.9,14.13
5260ac84bdd23400bd774a4507093208,2,b114bf337c0626166abe574eee9e3f32,7c67e1448b00f6e969d365cea6b010ab,2018-03-15 02:55:32,149.94,21.7
b719a68a6c0da28bee1f17bff6b3c50d,1,f2ecbb02b6da187a9f14b8ac5781faec,3c7c4a49ec3c6550809089c6a2ca9370,2018-07-20 11:30:41,13.99,15.23
f145ac5697118e7722ffbf89c0e66331,1,158102fe543dbaeb84d87811bfe06d0d,002100f778ceb8431b7a1020ff7ab48f,2017-12-14 14:56:25,17.9,15.1
ab17008d463dbbcc0fac3c3d8d2931e6,1,abc441040d9aaf2e1ad52c2309873c04,bbad7e518d7af88a0897397ffdca1979,2017-08-17 00:45:15,19.9,15.1
9ef13efd6949e4573a18964dd1bbe7f5,13,37eb69aca8718e843d897aa7b82f462d,0b36063d5818f81ccb94b54adfaebbf5,2017-02-03 21:44:49,51.0,1.2
d32c8abcdc749f46da62424028a3aba0,1,2ada8214e59b86de70b03d8f03894c93,c1552b1dab6e6f760950368ae61fb600,2018-08-28 14:35:25,34.9,7.5
1253425c1b76191a5ff742f11d80e1fa,1,40cc62bf0cf7aacfd12d865c196baa55,ef506c96320abeedfb894c34db06f478,2017-07-20 03:25:36,49.99,15.79
1d58535a7efa4ccc8eab9bf3b16111c7,1,512eb536b90566abb81ad91a6143a8ff,41c2bad7229b0c25e6becf179ebf63ff,2018-01-15 18:26:46,34.0,8.27
e332eda82fe7ca4e86daf4f71ca785df,3,f2a1b32f85cad59ff2a8444154ac25f0,fcdd820084f17e9982427971e4e9d47f,2018-06-14 14:32:00,190.0,44.05
c389bed1741c8f36cfc6908c1677288b,1,89321f94e35fc6d7903d36f74e351d40,16090f2ca825584b5a147ab24aa30c86,2018-03-28 02:50:08,27.9,7.87
5f0729d8bd88589e8501140a9eb86ed3,1,4c2394abfbac7ff59ec7a420918562fa,cc419e0650a3c5ba77189a1882b7556a,2018-01-23 03:34:28,84.99,12.93
86dc6d6365151fcdab6e43c4bd3c2dfb,1,5b94462ef9789d7944ba155fed57d178,83deb69e889cf80f82be1dc6d5f2d486,2017-07-31 03:25:34,152.5,14.82
83f0c4c6b1a3c31214ca8266dc888258,4,3eef0cb94ba82de806bb30ab743c7655,7c67e1448b00f6e969d365cea6b010ab,2018-02-09 00:18:24,79.99,28.96
7f4fc954dc46f105335b49a80acb1f7c,1,b83ba81552d0748b45288e7e57c62888,edb1ef5e36e0c8cd84eb3c9b003e486d,2017-11-27 00:26:53,599.65,18.95
4bd13580e951063d19e99e60bc4d1492,2,8a2d3285de64b2117fbf83784acd09fc,bd697db56ff8e7c9cd1abeb7f72029b2,2018-08-08 13:50:07,99.99,5.24
fe590d6e861c13a9b394a9d3775b07d7,1,b77ae16cc8f67cd1c0ec781d5bf4da2b,7a67c85e85bb2ce8582c35f2203ad736,2017-02-10 18:02:01,239.99,22.13
74d59459f88ddcdcda3e557af55ec4bc,1,be93f4f9930c70a83456e2c9cb408a85,e49c26c3edfa46d227d5121a6b6e4d37,2017-06-20 23:22:32,15.9,15.1
7a255b67322e2c359d3ed389b9f4695c,1,ea44caac707f7f1325182a538007f838,855668e0971d4dfd7bef1b6a4133b41b,2018-05-03 00:35:21,52.0,18.97
a6acb34f913bfaf8367a31f75d53829f,1,40b09f33e646d488df2ca6fec4082d50,3d871de0142ce09b7081e2b9d1733cb1,2017-10-25 21:14:41,89.0,29.41
083556b25c9ff2ecef87ad43b8d265cc,1,17ad6786808ab3fedfb261a70a5932d6,e62b2d6ac10570a035a30bafcf01d263,2018-06-08 02:55:28,119.59,9.19
110fb617059394261537548c8124ee1e,1,53a72a0b6feec4a5cb40c5c79374b471,9e6229250fedbe05838fef417b74e7fb,2018-08-20 03:24:37,169.9,19.49
2e71a5c523cd61c4d906ebc8203ef215,1,a42d9c825894f96fc6ed02610891454d,4d6d651bd7684af3fffabd5f08d12e5a,2017-08-14 09:43:20,69.9,16.12
bddb90ea4cfeb9f9ba6f30088662a40c,1,5a848e4ab52fd5445cdc07aab1c40e48,c826c40d7b19f62a09e2d7c5e7295ee2,2018-03-08 14:48:17,122.99,14.61
d6db7f667096b9209c177893ddedb788,1,97b3b8e8ed22d0ceb3b3c520e806a334,8b321bb669392f5163d04c59e235e066,2017-12-05 21:17:10,14.6,7.78
f24cd74db6ccacf156b3f8061a765a38,1,81e686e36e79f0d2612346cefe1379cd,2d518637f53161b973e01f56ea4bb88e,2018-06-15 20:20:22,85.0,23.52
2a013a00580ed531afdce681a1ef062d,1,562cc818d2fced5e90afc6c220636bff,fa3a0b5aabb344b9a92e3524b0202123,2018-02-01 00:18:34,199.0,24.26
41b6d9a83b4f55e253cc69d7cd6dd55c,1,e7cc48a9daff5436f63d3aad9426f28b,53243585a1d6dc2643021fd1853d8905,2018-08-03 18:24:29,170.0,25.54
3e17eef8a8bd0131c7aed90d7508799e,1,fad534edb8f35664713c4b766fa473d4,da8622b14eb17ae2831f4ac5b9dab84a,2017-12-13 15:31:57,44.9,9.09
48746ebc66a8a0c2ddf69a32bfd48dd9,1,4c2394abfbac7ff59ec7a420918562fa,cc419e0650a3c5ba77189a1882b7556a,2017-12-07 09:30:22,84.99,16.35
00ae7a8b4936674ebb701d4a23719a79,1,66f09a6de4f2ef63aaf5349b60a0e0c0,bf0d50a6410d487dc97d2baac0a8c0be,2018-05-15 15:51:32,27.9,9.26
d3a93984e59258e140f2bb4784be7bff,1,d070415dddac66bcbc0a2e4f253c0f81,712e6ed8aa4aa1fa65dab41fed5737e4,2018-05-16 13:51:56,299.0,55.76
dc43adc8cf44306503fd3db002d5db5f,3,4cce2fad3d2dec6f82510d2521aebdd3,0adac9fbd9a2b63cccaac4f8756c1ca8,2017-05-25 11:05:30,123.9,13.21
9f076b87261e6c9894139da7d41eb02d,2,7a82832901d5f4cd314a4e102c47bd2b,9de4643a8dbde634fe55621059d92273,2017-05-11 19:45:09,37.99,15.1
db3d8c47002a9d03c4220a0a0bccff78,1,f8077831f3c3f393fb67b93c5acd8daf,213b25e6f54661939f11710a6fddb871,2018-07-11 02:52:29,79.9,19.75
a52e3d383eaf9797e19309a2f0fbc4b2,2,422879e10f46682990de24d770e7f83d,1f50f920176fa81dab994f9023523100,2017-12-01 21:39:38,49.0,17.64
a1ef4c97bec306560bd7bee5982310cc,2,f998f73527a0f88406b53305754d1243,897060da8b9a21f655304d50fd935913,2018-03-30 02:50:07,31.25,12.79
d30162aca68f89b06d618c38ef7b88e0,1,50e8af969273d032e41047db40ed9be2,9f505651f4a6abe901a56cdc21508025,2018-02-07 20:50:02,34.99,14.1
abcc1a031465c469ccf2a24ce5e762cc,1,a0b7d5a992ccda646f2d34e418fff5a0,95f83f51203c626648c875dd41874c7f,2018-02-22 17:26:45,69.9,26.11
7fd3cf60e6c81a64f2adc0e09d2dfdac,1,e2613182a3d5b61459d52f24823134fb,6df688df543f90e9b38f4319e75a9d88,2017-02-13 10:05:12,41.08,14.11
610cb5d8ac9938a7e80ee9e3b9c04be5,1,b3dc35a7b0042136507e1c174bd7cd2d,18a349e75d307f4b4cc646a691ed4216,2018-05-29 05:16:19,55.0,15.27
524328eaaeddfd8aa01dc3897ad69935,1,91e2aac5302f657c8fdf3040124d8809,2a84855fd20af891be03bc5924d2b453,2018-02-15 01:08:23,99.9,36.02
9cf6d08e57855a633b5c0c79258ee121,1,422879e10f46682990de24d770e7f83d,1f50f920176fa81dab994f9023523100,2017-11-30 13:39:44,49.0,17.64
191c451ac0475419ae3c6e7dd134545d,1,c17f4a8f38d4748ee5409e7bfbc58038,7b07b3c7487f0ea825fc6df75abd658b,2017-04-13 20:03:09,99.9,15.91
818d0c9b3531cc8ccfbaf8c6efb8f17f,1,28356035671957110f6f397362711b99,6cd68b3ed6d59aaa9fece558ad360c0a,2018-03-28 12:49:45,67.9,15.36
5c4b6f896e003ca0b2a00ac3d1124822,1,dce3d94fd2f5d6d78c586d93faa33646,3f3486b61f45078d4f31ee5e43d8c5bb,2018-08-17 00:30:18,60.0,9.17
a3f77b12916a4990f41ebed970bcdb92,1,071b82cad6de748755bb587ff3feec2e,7a67c85e85bb2ce8582c35f2203ad736,2017-11-23 13:46:12,139.99,12.18
81aaca55da8047141cf58b07e5f2e26a,1,cd3835370fe681dd37af664b5f84d88e,c5f7e746b7e6d07def6c0dae9903279b,2018-06-21 07:30:50,89.0,22.55
c23118f80a11f1fe5147253748fc761e,1,5a848e4ab52fd5445cdc07aab1c40e48,c826c40d7b19f62a09e2d7c5e7295ee2,2018-08-14 20:05:16,122.99,9.02
e2f630b53cb2637be372c3810b089868,1,4a0938478787f49dc07af734b86be96c,6560211a19b47992c3666cc44a7e94c0,2017-08-02 11:25:25,149.0,26.32
09575d6ffa589cae127ff0e6c1b974ed,1,5bd6493a2d5a384987386f2696bae33d,92eb0f42c21942b6552362b9b114707d,2018-04-30 14:30:46,18.98,14.58
cc91ae24c277f0bfc31ff525577f8cd4,1,a72df9d6b4412dbd03d886846a438a3c,7299e27ed73d2ad986de7f7c77d919fa,2017-10-31 17:56:22,99.99,12.83
0cb67a1f07ecacac318a6eb35cf4928f,1,4d012181c7a23a79f84dc6cdd1cb1c04,6c99c983ce3b6ba0ab813e6790e81691,2018-06-14 06:30:50,42.2,19.95
71fecd3061e596fd59e65e9d62886535,1,a5341e3f8155dbb3e62323d3ea289729,ff063b022a9a0aab91bad2c9088760b7,2018-05-14 14:30:18,93.0,47.09
3f237ed2840facebde719d4501dd7d30,1,8c591ab0ca519558779df02023177f44,a1043bafd471dff536d0c462352beb48,2018-02-15 21:30:27,120.0,26.46
8091fd1d6a5797a012ae44f1dd06cd6b,1,4b2e8d0baa7e0e7483c8bfe1dc33e406,fa1c13f2614d7b5c4749cbc52fecda94,2017-06-23 20:03:22,259.9,16.57
69051fe25e4f0ea3d9526680434bb1e9,2,4680d0c534e54990d8579f41dd239901,1900267e848ceeba8fa32d80c1a5f5a8,2018-06-27 17:18:17,53.0,19.56
7e1aa5eb9a99e5ea0681a7dd4bf95e08,1,aa6a696816c69cb3bffdf42d62642a80,897060da8b9a21f655304d50fd935913,2017-08-24 18:30:17,42.9,11.85
d5f00152185286db9711864486393e32,1,0eda6e310c91549299a2f97d0354f7fb,57e632711dec9ec14ca7546769483e7e,2017-03-27 08:26:42,104.0,14.9
5c9ef82c5db4b1a72d24609ec6779955,1,7a10781637204d8d10485c71a6108a2e,4869f7a5dfa277a7dca6462dcf3b52b2,2017-12-26 22:10:46,219.9,18.79
b7d132ccaa4a7e53c9fb25ff9979fc35,1,0e0487ef680ae92e064423238d1b4c05,179d859f51292aac5c10806a356f7af9,2018-08-08 13:04:18,22.0,18.25
02605c218285d02df75a255f13396f1e,1,05c693a8085dad009cebdcf2830ab738,ef506c96320abeedfb894c34db06f478,2017-02-05 17:43:09,34.99,24.84
c0ad22fb83f1019e8abbdf1d38ffe6aa,1,fc2053a22dde0b067898ea436a86ec6e,cca3071e3e9bb7d12640c9fbe2301306,2017-10-17 00:14:42,122.55,18.23
3fef122997c747784882689e6e812b2f,1,8b45810da2ef9860496d56f62435fc40,1900267e848ceeba8fa32d80c1a5f5a8,2018-01-22 20:14:26,49.99,12.69
0974bbaa486709066c644587a5cb6623,1,09ae0abe65d1a5ad1cecdd9db6aa70d7,391fc6631aebcf3004804e51b40bcf1e,2018-04-03 02:35:30,49.7,14.44
3bd72d0bf4e30e74322d88fe9dd5ac2d,1,b9ee7519d0187d2389af62ba6c612963,78c99c6dff4eeae5be99bf635ed21e3f,2017-08-17 17:50:08,69.9,16.25
d806cef0dbcf2273fe3d4a339e0c74f5,1,69455f41626a745aea9ee9164cb9eafd,58f1a6197ed863543e0136bdedb3fce2,2018-06-26 03:30:55,129.0,19.0
00bdebefeb760588a3425fad9dfed3d9,1,cdc9d87e17ccf98f35634e6c3b77073e,4d6d651bd7684af3fffabd5f08d12e5a,2018-03-14 16:30:02,119.8,20.18
63067dbad99fa8dd94df9e6983bff614,1,11a0fdc4251f15bb96dbfff7ef5475eb,77530e9772f57a62c906e1c21538ab82,2018-07-26 10:05:10,299.0,48.39
73fc770f6cccde5fdd23cc5b127b57bc,1,2fcdd37790d9c79db0998f7fc9bc68b0,382229d1e840115ffe3dbf5ff460e417,2018-06-14 16:32:27,79.9,19.25
4e44d7b0462e32a51de74a16eac6534e,2,91b08d34d0ba4db44da2dc382867ba49,b76dba6c951ab00dc4edf0a1aa88037e,2017-02-06 16:18:44,6.9,14.52
450b2dfcd82c6f60f6ea30628ebf2945,1,a89f9c4cd59eaed03ef9cd685c41a8b2,dee656f0f566ed1aa85bd137c943f08f,2018-07-13 10:15:27,169.0,15.49
bb68ace3e06362eec8e986719378ba29,1,a62e25e09e05e6faf31d90c6ec1aa3d1,634964b17796e64304cadf1ad3050fb7,2018-08-13 09:35:16,105.0,62.99
81616c912848057e42d364c9d306ea92,1,a00d11a2119bd70d658fc7cdcf1f59d3,79ebd9a61bac3eaf882805ed4ecfa12a,2018-01-23 03:35:47,99.9,13.72
318145ea99714f48433e3332005b92d3,1,28609f55cdcc0e20aa621696e53c7075,7bac63f6603d382cc8d0832eb6c100a8,2018-04-10 05:49:06,699.0,19.77
eae6b90fc5f39d2d76ea4edb84ade594,1,47277d35dcfa53f5bee3d98ec3031c8a,5d0363b33554b373851fc1622e4d5f3c,2018-05-14 17:12:00,50.9,14.29
70af5c624ad6c3daf236b9acb1ada8d0,1,9c422a519119dcad7575db5af1ba540e,2b3e4a2a3ea8e01938cabda2a3e5cc79,2017-08-17 02:45:55,58.99,14.16
24bef8d4a9207ed77584640383d81697,1,183b0c895605218dbd34cdcfcfa8af28,4917cee8d902e13428c3ec4b1ca6f315,2017-11-23 09:50:24,145.0,25.85
c38e0a7ecb6d609cc307eb449dbdc4de,1,eb6913790ee61d3d4d8dffcbbedea827,382229d1e840115ffe3dbf5ff460e417,2018-08-14 11:24:57,29.9,15.31
88bba3891566a6e0b16cee8135792e1b,1,25f86162fee18735fffdb762dcb10d7c,1a3df491d1c4f1589fc2b934ada68bf2,2018-07-11 20:15:10,169.9,60.42
79e0a33a60d364f1cf08bcd097985238,1,e7890707ac0e4e190a74aa46c92e2c94,6560211a19b47992c3666cc44a7e94c0,2018-05-10 07:50:24,59.0,22.12
aec4f42c8ecc65ba995a4ebcd0e1de2d,1,1dec4c88c685d5a07bf01dcb0f8bf9f8,712e6ed8aa4aa1fa65dab41fed5737e4,2018-01-02 15:31:23,559.0,41.43
b170f1243a620b65504157b83f69a2e0,1,ae89da88eb55261881375b12d5cdcda4,3a1a1fec38dd360f15fc912e821e169d,2018-05-04 09:09:50,59.58,20.57
1f940fc941da73865323a8c30e2871f0,1,a5c703d39e287f5052de9743a0cb2beb,99002261c568a84cce14d43fcffb43ea,2018-08-23 15:25:14,100.0,23.42
44899a0a37e97bd716c345a12ad20bbe,1,3462cfbd316346049256b3b3242f8dfa,de23c3b98a88888289c6f5cc1209054a,2017-12-20 17:13:05,169.9,15.95
56e11716ba370a51d5795ecf34f9510d,1,1f3c4e3bcb3d2d1c4da4692dbf20de5a,f4a04f7be452aa3bb31760bf00055dd0,2018-04-06 17:29:46,49.0,8.29
aeb4c9d05ab11d7c6c9ca24f8c43bd70,1,ac480ada5f06d9024eae2c6dd9de4c74,4e06067cc08b3f41d837768d392c3ee3,2017-09-27 14:44:35,7.0,15.79
25c3fbf15b360f74b84875c3a5627296,1,a869ec6209c361ca46dad85a5530e119,c3cfdc648177fdbbbb35635a37472c53,2018-01-15 11:27:28,150.0,20.54
3ff9af2618b202584a161c19718bf577,1,02706657691ad03bacea6d0d0d69d13d,ad97a199236354e53fcd91a5a913e9a2,2018-01-11 08:11:23,759.05,31.63
13a4fe3b64aac56f600ed7ff191415c9,1,6cbfc716ebf92d25d1047a5fe47af5de,4a3ca9315b744ce9f8e9374361493884,2017-12-05 02:20:10,89.9,13.65
0f71c6da7b8d96627eb368097e8ca4dc,1,acd87806fdeb28ef871e3a33bddd93a8,31561f325664a8a7aba4c8d0c3a9b3db,2018-08-01 08:05:12,39.9,15.38
5051a95bc31ec72f803d5df48c2a695b,1,cbf5cf4e5d906cda4c6d91d5b7b15e8b,edb1ef5e36e0c8cd84eb3c9b003e486d,2018-06-15 18:24:14,149.65,61.33
bc4c53b286be3b64ee817827e1999f1c,1,2b6e9bb796af726ac7d07348a11852ad,75fbb52eda0cbc24f479d3b2fbfa8d3e,2018-02-05 11:31:38,24.9,21.15
9d241238f3827aced623154ace551dd9,1,aca2eb7d00ea1a7b8ebd4e68314663af,955fee9216a65b617aa5c0531780ce60,2018-03-16 03:48:52,69.9,12.43
14763e794086449f6d5cb89097b2afd3,1,d902e8400cd0c58b64ea157af940e670,05f51e13da97139648b8125c31e5f51b,2017-08-10 20:03:33,149.9,16.49
c71e28c5a5dce4f2d223e54be0804379,1,e282624d8c82e04983f125e167eb4521,2138ccb85b11a4ec1e37afbd1c8eda1f,2017-04-20 17:02:18,18.99,24.84
3d93d8068cdb0206fc87b5d539a45f6b,1,854f1672c41eaa84b3e3a79e06146f63,ea8482cd71df3c1969d7b9473ff13abc,2017-11-16 02:56:02,24.99,7.78
101fb6bec0516b433cb73c6833f34cc1,1,38c56c5c5b16958d95bf8254498ad555,fa1c13f2614d7b5c4749cbc52fecda94,2017-07-19 15:15:09,799.0,17.93
95dccb26fb812f3ef2dcb2ea92b5541a,1,f6c72bd6698b579815c80bc85ab5ae14,ceaec5548eefc6e23e6607c5435102e7,2018-04-16 11:09:50,359.9,23.6
55236f684d39882068fbd164d5455691,1,d04857e7b4b708ee8b8b9921163edba3,9f505651f4a6abe901a56cdc21508025,2018-04-19 19:11:01,67.99,14.52
399b46458951afe483b41ead035ed9d6,1,1168d8ebfef41c2720053c4c9f78ac87,77530e9772f57a62c906e1c21538ab82,2018-07-03 20:15:17,148.0,38.84
5471298c2cafa3ef73e2eee59a5a9f4b,1,af3da1cd239d042efbbf8100b9ef2156,c8e135e7b21ecbc36c1153a29d2f5a06,2017-03-22 14:20:09,138.9,14.74
0c5af151e04733e8c7ba3c911a536f83,2,8b1b115b8dc96bdfa740d4267019a201,2138ccb85b11a4ec1e37afbd1c8eda1f,2017-06-19 04:15:21,29.99,15.1
75cd0e4d0a84e6252212e626a525d06b,1,cd4b1bc1c7c94fdcd94b2a7a87eeb050,056b4ada5bbc2c50cc7842547dda6b51,2018-01-02 12:09:00,122.0,15.6
08213e46524c11c2501c5d0a59ff8b7a,1,a7742a00e1d286b7f7d4d81e90d8acc9,7fdb0720c8d7c9075538b365dc8c3a22,2018-04-26 18:32:42,75.0,38.82
f5f6ede2cc27f7ef506cf14e38d1ee16,1,db6796aa712a2626572bb3d0b9a039cf,4a3ca9315b744ce9f8e9374361493884,2018-06-18 22:56:58,52.9,27.32
8b56c0315e44af9a56cef82dce0aa443,1,5a848e4ab52fd5445cdc07aab1c40e48,c826c40d7b19f62a09e2d7c5e7295ee2,2018-04-05 12:55:32,122.99,15.74
9146e206bcd61ac9fb10f3a26336a7ec,1,7bc34251fed67b7d8a0251d7ad8eff3c,c3867b4666c7d76867627c2f7fb22e21,2018-02-22 13:27:08,125.0,18.12
ceb9ba23c2692423f47bd10e0f86bcc5,1,1dce3fd38c13a3e74fe5000f33858442,72c5da29406b4234927b81855e7b64f6,2018-08-23 10:35:15,229.99,19.41
cd2e2ff68721cedbf8b5887479475a81,1,597d26435e8ef77bb0fcd26f6c07d486,1554a68530182680ad5c8b042c3ab563,2017-07-17 15:05:12,329.9,44.68
2ccfe5d6558b5a6b11ab972747e26132,1,779471f3320ebf3c8695d3774cd90d98,d91fb3b7d041e83b64a00a3edfb37e4f,2018-01-23 18:17:36,22.0,9.94
b6e6c0e151343c3198a2ada69d6b6cd9,2,7340a3839a1de1e99d149b8cf052a2ec,4a3ca9315b744ce9f8e9374361493884,2017-04-26 22:25:10,69.9,11.81
fa5b0745a97bb05ab2f5ce4642a1e16b,1,a076986c6dbcb66fb479167aa5a1b68e,670c26e0f1bf8d0576271d5cfaec6d2b,2017-12-01 11:30:51,91.5,13.66
d1f24b02567e4b8b8cbfb799021ecb3d,1,49cd59957f1c81427ca0b2edf5696969,d98eec89afa3380e14463da2aabaea72,2018-06-18 20:56:24,49.99,13.69
72935c1f27775472627da411819164f0,1,d1c427060a0f73f6b889a5c7c61f2ac4,a1043bafd471dff536d0c462352beb48,2018-03-20 17:09:02,129.0,65.89
3ad9c9361030d56559e313f87dd8dbb3,1,380b4664ba5bb18cc9db78ee6bac3558,6560211a19b47992c3666cc44a7e94c0,2018-05-18 10:31:24,29.0,7.39
16725237f8f6e32f876dfeca7624063f,1,297dafe95cc452ec731fce535139cb4d,50c9975695009e5e6473912e83a6d1da,2018-07-30 17:25:35,62.5,22.19
d47b9b1166f0cb84c9cc7b8a507808ff,1,710e89a75e7f980a83c21d9f884ae13a,6560211a19b47992c3666cc44a7e94c0,2017-06-12 12:45:41,149.0,12.54
51526aa307cfd9cd8d3e9d4fa0c26121,1,7cf14faf0bbe9357dbd24b4a1de69f2d,7c4618c82226628831613e95e9c22f44,2017-12-21 11:17:49,29.99,16.79
1f6b1a05b6d25d477413bbc327f1a714,1,c6e513054b982283c1cbbb2a45d02d83,f8db351d8c4c4c22c6835c19a46f01b0,2018-04-26 02:31:57,22.9,18.23
20ce857482318a94142a0276fc72b4ad,1,dbb4ce89c8ed5fb6fd901e2e51093179,91f848e9f4be368f4318775aac733370,2017-03-22 16:41:46,84.99,18.87
6054b24d6a5bbe0e90fd7ebb14d602e8,1,d8a5b759acaff49096bf67c33d9a9372,297d5eccd19fa9a83b2630071ff105e4,2018-08-29 09:50:16,98.0,9.82
69cc55eb653cc27eea935e7a0d26b83a,1,5526b1ae9ab2688cf600783cece249df,0b90b6df587eb83608a64ea8b390cf07,2018-05-03 08:31:12,98.44,13.81
99687fd750781ecf475d632c33a533ee,1,4fe644d766c7566dbc46fb851363cb3b,c31eff8334d6b3047ed34bebd4d62c36,2018-02-15 00:15:37,110.99,43.19
3eee7c93497d482e7a3c335e325ea0ec,2,6ef30104ba621f56c4fa8e27d54b9d0e,b16d3dadc47d4eb18be3d88bad0775ce,2018-06-19 08:19:59,44.9,18.41
f81d082e88c93adee5b45ea41c711d67,1,5208751f83b00433444ae85791a01bdd,391fc6631aebcf3004804e51b40bcf1e,2017-03-29 21:45:15,128.35,17.64
ac4d559cefc486f4ac59c17fc44f236c,1,dca8cbb1c9d8a2db0fbc0c36b8d1a7bc,6560211a19b47992c3666cc44a7e94c0,2017-10-31 14:35:27,89.0,15.37
6bae7f6955b8a1758053a464757a72a6,1,c857b96593773e940454e76efa8eabb3,cca3071e3e9bb7d12640c9fbe2301306,2017-08-21 03:33:10,51.92,12.7
9ab1853460522b70139bf63d6715f4c2,1,f521813909e310116b6b2f0b11f3dd44,09f952a5f58d2285b0372551ae8f9b01,2018-07-31 03:10:21,101.0,19.9
086da3118e7ada3cfb7cce476954af52,1,a291cc846d74d97f01611894f983073b,de722cd6dad950a92b7d4f82673f8833,2018-05-25 16:58:36,189.9,24.26
29a4fbb32fb0af037ac01c6154484f06,1,53078c8d0c5db76c536e1d2244ac63e4,729b2d09b2a0bdab221076327f13d050,2018-02-28 12:29:22,29.7,15.1
b7b90cbf41450180620d92d36ab7e0c7,1,26f03967104b76d4ebd5e43a1b3c1e18,638cba8be1fb599bbb76fd6948351eb3,2017-06-01 03:42:30,21.5,15.1
ca93131de2c3fc58df457b40df4aff78,1,84ec53de4608c94e064a22e2840807d2,53e4c6e0f4312d4d2107a8c9cddf45cd,2017-12-06 15:13:53,61.0,13.45
14e741c1e9b28bfb6dbfcd4f9910a0f2,1,20767ba46ff14007ce4ed2cb1c4d546a,602044f2c16190c2c6e45eb35c2e21cb,2018-04-20 10:51:01,80.0,19.53
f26d3cc4231c7230b8603f2beede9ea9,2,28857b241545853875bda6661ccdf0f7,2b2fed75b8e5ea3a052fc4c0825da485,2017-07-07 19:55:12,113.0,0.01
707ce3d3698a90d1ab9d9c2dc47223c2,1,2948658cb6abc82847412be7201bfc4c,955fee9216a65b617aa5c0531780ce60,2018-05-08 20:53:25,110.0,18.85
069ba523744cdda8bdd148d748540487,1,425cfc055cf3bee60a67ee33dc577c95,aaed1309374718fdd995ee4c58c9dfcd,2017-06-15 20:10:11,23.2,41.01
4759dc5cd30f8e283de04872dd5446cd,1,7340a3839a1de1e99d149b8cf052a2ec,4a3ca9315b744ce9f8e9374361493884,2018-06-11 13:55:15,69.9,19.46
157ca6af9e09fbc0742ec25ceb3f0f67,1,173e9fe34bfe97f3a5e6dc57fe897b74,ba143b05f0110f0dc71ad71b4466ce92,2018-05-15 03:51:47,57.89,22.99
b94117844529c52fab97f521c434520a,1,e966f10c28b89ceb60d3c2dfb7144b12,0241d4d5d36f10f80c644447315af0bd,2018-08-08 23:05:10,199.9,24.16
5a3663cb6b6d7369ab838a80cdcb06d7,1,e94df75b2e9a8b056be0c144a731f55c,5cf13accae3222c70a9cac40818ae839,2017-09-12 22:15:36,94.9,13.68
53dd1c638fcdfafab87a7fdc67ae58ff,1,caf540627b7914ab734c86495fdc95ee,1025f0e2d44d7041d6cf58b6550e0bfa,2017-09-22 00:20:19,229.0,47.07
c7d39a7f0c5d83662fa4c587f21f5d82,1,4cac1a12a6fe9ffba4a9556dbe582e28,7ddcbb64b5bc1ef36ca8c151f6ec77df,2017-11-08 11:30:31,25.99,8.72
245ab579b02d5d10ea1183942b060d54,1,c6745a1ce132f8dc5f38829c6fb67eba,e9d99831abad74458942f21e16f33f92,2018-02-13 13:51:22,35.99,25.63
05e28a6a1994b77257df51a5e304b6ab,1,f9d151cf2fc10d41cce64b782856320f,e9d99831abad74458942f21e16f33f92,2017-11-29 23:56:02,19.74,21.15
525be0565c62b7b2f1fbcb67241fbd9b,1,6b7c7bc412636b6e82fbb11eb157df21,12c2ed9cded6138cf0c75f525f565fc7,2017-12-15 10:11:02,99.99,12.65
d321a8cd27052ba26f0ad838ce2b70ac,1,4eb6c37059502e3b0b8fdfc77c69289f,b2479f944e1b90cf8a5de1bbfde284d6,2018-05-02 04:11:15,21.99,18.23
21e37650ff5769ef4eaa10725322d871,1,a6a4a3de57effbbec7c478c6a03fa074,7b07b3c7487f0ea825fc6df75abd658b,2017-05-03 02:15:22,258.0,15.98
4a2098244c1910e8e9e9251e2e5faa2b,2,50fd2b788dc166edd20512370dac54df,8b321bb669392f5163d04c59e235e066,2018-01-09 13:34:23,21.9,14.1
1372aa0637277287bda77b0de38676c7,1,e3dd336775af78a83fc27ed85f0f15da,edb1ef5e36e0c8cd84eb3c9b003e486d,2017-12-08 16:06:06,395.65,10.51
410d24bf2012bc9b2a94352bcc3639eb,2,90d9b6d827bde953e7cc9f81bf113467,86ccac0b835037332a596a33b6949ee1,2018-04-17 13:15:13,238.9,24.25
b8615aa7e6248212cab23e120279acf2,1,1d3ecbda18167c766a3381fd16108e4a,dbc22125167c298ef99da25668e1011f,2018-06-17 22:16:14,89.5,15.48
9615da76c321b025633e32cfface90e0,1,c0704b7b41d23540e8576c5e84484dcb,729b2d09b2a0bdab221076327f13d050,2018-02-26 14:48:15,34.9,15.1
7dd8c91586e38659c39c2e1d0fb01511,1,4931c278377ca00652dec3734798fd7f,1da3aeb70d7989d1e6d9b0e887f97c23,2018-01-26 13:47:32,35.99,7.78
70110517388311cb851a9e9ba1d499cc,1,9348cf658c9f20576186a9f3b82c58c3,7dc8c42cc750eeafea6c85712ffee9bf,2017-10-12 21:15:10,89.0,25.46
a68c415df0747ef11512919344831905,1,b5aebb467d9a92162173cbd234e00d99,d9e8c084b68fe958861d8f2c21202e6b,2018-07-02 04:59:19,35.0,18.35
f38baece3d405c61575ec8886dcf4cfe,1,2132979d9b6f64e99b8c9bb4da4e0323,45d33f715e24d15a6ccf5c17b3a23e3c,2017-05-29 09:35:16,98.79,13.03
30a022caf1ba5b86f28124ed216c859f,2,909b87db6cb3a7ab26bd03cc59860136,de722cd6dad950a92b7d4f82673f8833,2018-03-12 23:09:15,40.0,3.5
c3474da948bb89ce980046e431c0752f,2,5c692818d313aa12864b48ac0c2472c2,6560211a19b47992c3666cc44a7e94c0,2017-09-27 14:04:57,29.0,15.79
038721fd1802532dae558bac820968d4,1,a7c73814e6894bc049f7aac7d37f7175,6f892e20a171e98efe17fdb971ff319b,2017-10-26 11:50:08,227.9,13.1
2a20173829ff5bd342163335865aa490,1,839ae04dfa2580c962dbbf9613c3e6f9,0bf0150d5b9d60d9cd2906003332f085,2018-01-17 02:33:27,95.9,20.16
5047f709b6661ac4e79c4818271ee799,1,9cfb95272c4cd1e98619d3bdea888a7c,7a67c85e85bb2ce8582c35f2203ad736,2017-02-20 12:35:44,219.99,18.28
f162b72aa92d8ecf9cdb69e84fb2277c,1,c1f5307decb89342351bec53668cffd9,ea8482cd71df3c1969d7b9473ff13abc,2018-03-07 17:49:42,29.99,17.63
777e839a3f71170e58385675ce610501,1,ceb25e5f3be12c14a1c69bd9e9e0f67f,7299e27ed73d2ad986de7f7c77d919fa,2018-08-07 18:15:20,79.99,18.66
c4bc2a01f871554711dadb82537413f2,1,363218ba55c610b750224f90bdd34be1,33a6f4b1e7cdc205511e76ba1b6e0186,2018-03-12 17:31:08,79.99,9.37
792fd20f4c1379e85e6bd7ea35240248,1,f0d56a1df2c0a7a756d7e4352cdcc8f0,ff063b022a9a0aab91bad2c9088760b7,2017-12-01 21:53:45,74.0,13.08
3369b9e1711af775c57b7ad52baf8017,1,9163c7e81fd68452472912c4cde810aa,b499c00f28f4b7069ff6550af8c1348a,2017-10-13 10:56:14,34.99,26.89
104db3ac25a8c92d8b4a1bab46c92c66,1,1556a0ea84fd60589afa0d9618c47505,e9779976487b77c6d4ac45f75ec7afe9,2018-02-05 03:47:26,214.49,26.78
8fd361858abba7604b18a32f16483a8d,1,1706d1bb420e7ef2404270b38e937fbc,9646c3513289980f17226a2fc4720dbd,2017-05-29 19:30:19,44.9,35.67
13cefc43767ea15bacf542800eb19f54,1,7bcf2266b78ccc737b8f26f925d3c5d4,1464afc72f696af775557a821c2e253f,2018-03-08 19:30:30,42.9,16.79
08d2ae79008d5da4528a04f28c72f839,1,736dbfee5f7255179bdc8327bf1e38e0,0cbcee27c791afa0cdcb08587a2013a8,2018-03-06 10:10:58,135.0,18.2
1b2bb7c2c68e882ede350ac20436790b,1,f4041d76285c2a34ad5013e8d287a400,1835b56ce799e6a4dc4eddc053f04066,2018-04-26 15:30:43,39.99,18.23
bd1e185a530c014794c02ee3d2d61a68,1,4520766ec412348b8d4caa5e8a18c464,16090f2ca825584b5a147ab24aa30c86,2017-04-13 09:02:20,59.99,11.03
a84c48c1c9adb6611355f0c6b2bb05c8,1,d369c0eb24f18d687ae8598d570cb255,ceaec5548eefc6e23e6607c5435102e7,2018-05-15 17:09:04,48.9,20.08
2890d3fdedd4ebbfddbff344d0c11ac6,1,ab1f9387c0627dd24000bfbc54fdeee0,8b321bb669392f5163d04c59e235e066,2018-02-09 17:49:57,12.25,11.85
6c04516be61ae90e04756c3290c405b7,1,fb783e3e545937820b57fe539b2c5a6c,da8622b14eb17ae2831f4ac5b9dab84a,2017-10-03 15:15:11,99.9,13.72
ffecd5a79a0084f6a592288c67e3c298,2,50fd2b788dc166edd20512370dac54df,8b321bb669392f5163d04c59e235e066,2018-03-05 20:15:27,21.9,15.79
06b8cdbbc86d64ea69af76036c523827,3,d2bea3c01e172037caa99b2d138f39d0,9674754b5a0cb32b638cec001178f799,2018-07-25 05:20:06,22.9,7.42
adaaf74d10de654fcf12afe727ac8d46,1,01a9707790aab6855a6438b92c4c396b,23d7c96d4a1160db1c726b248601b25a,2018-06-20 23:30:40,89.9,14.21
00f6ac4816d12f49026b09f2aa77d15f,3,b532349fe46b38fbc7bb3914c1bdae07,1025f0e2d44d7041d6cf58b6550e0bfa,2018-08-10 17:30:14,35.0,19.44
9ae880d57df6bee34365e6406e1e0203,1,e53e557d5a159f5aa2c5e995dfdf244b,88460e8ebdecbfecb5f9601833981930,2017-12-06 22:05:02,109.9,12.9
807baffb5f8bb605f1218ead428cd8e4,1,ddc1d8513943b57455b160acf77e6507,33ac3e28642ab8bda860a2f693000e78,2017-10-24 00:49:19,82.99,8.78
cb123d857949246d3e5f1c532280c023,1,2fea0f2cec6b6324a277d4a61c2ed2c6,beadbee30901a7f61d031b6b686095ad,2018-07-22 23:55:20,86.0,7.86
078012a290408a687e5802ac7ad6c0aa,1,6c712952b8ef62f8d06a0314917400c8,04aba03279157f6d4e0fe8ccaf21963c,2017-05-23 16:15:16,126.0,15.63
a45f5764071ee5b932d1f802e18bafcf,1,211293b50935ced8d4370f552c482d74,e9779976487b77c6d4ac45f75ec7afe9,2018-01-17 08:48:40,19.49,15.1
14e2227862cdf47db2caa1acbf80b71f,2,4914f8796af2ecd359fd8f44b9b92339,c826c40d7b19f62a09e2d7c5e7295ee2,2017-12-27 06:58:32,49.77,7.78
47c7065d871347ee5eecfddf704fb767,1,06a47d0ecd4561565deab3dfd7d3c0ff,80e6699fe29150b372a0c8a1ebf7dcc8,2018-04-09 15:11:54,58.9,15.29
9571cb862acb9ac518c76590d0fd79bf,1,e6d3e381889aa6e9d222ad50cb30ac43,b33e7c55446eabf8fe1a42d037ac7d6d,2018-01-26 14:00:23,219.0,16.28
c271d6d965ce901e7efaae6879247e43,2,573722511f4fc28539f3d8810a50ea1c,77530e9772f57a62c906e1c21538ab82,2017-12-29 15:30:20,49.0,21.15
b8b8d73455ada889914390847d5e90b8,1,fc1d8637c0268af3db482c14b7ef8e75,da8622b14eb17ae2831f4ac5b9dab84a,2018-05-28 02:18:19,139.9,12.51
d87d66c849378ef6a1e7a835e8e291f6,1,130482add9fd75ccb6c57ba007694a2d,87142160b41353c4e5fca2360caf6f92,2017-10-09 21:56:25,105.0,28.11
23922e17c7f2bff630c5cfeff23b1551,1,e435ceb7ced9b8446defd858630454ed,620c87c171fb2a6dd6e8bb4dec959fc6,2018-01-03 23:07:59,27.75,9.27
24f926887373bfb98b4f309ecabab893,1,53e8156b28f9080cc0865b55d1bed9fe,f8db351d8c4c4c22c6835c19a46f01b0,2017-07-11 06:44:23,159.9,13.46
d6ace1ec8544e524cd905cdd88519017,1,05a9dadb8402b6b7ae3dd28f7da187b5,522620dcb18a6b31cd7bdf73665113a9,2018-03-13 11:15:44,149.0,25.88
50089a9784f34a308dc31a939b4b6b1b,1,461f43be3bdf8844e65b62d9ac2c7a5a,7d13fca15225358621be4086e1eb0964,2018-05-03 23:30:48,115.0,18.69
f87c049dcd8cafd8a6880a2e29b5d021,1,14d6a43dc8ec3b5e86ef500845374ebd,4a82168aaef173cbb6e46ae88728f919,2018-08-13 03:24:51,149.0,27.34
9547786c84d40d35e99e684fdb1fe97b,1,bc9cc914f974963c07be697fc93037bb,11bfa66332777660bd0640ee84d47006,2017-09-20 10:03:59,73.0,15.26
7c0a8e739e7de73b6258885fc6fc32d1,1,054515fd15bc1a2029f10de97ffa9120,e9779976487b77c6d4ac45f75ec7afe9,2018-07-26 18:30:15,43.0,8.04
0de2b30e13d8f2dec50a37917bdac7d0,1,bb50f2e236e5eea0100680137654686c,f7ba60f8c3f99e7ee4042fdef03b70c4,2018-08-24 16:35:19,330.0,10.47
6023c91a14d68c5adb556a5dbd2e0f84,1,e59aa08eee1bd7faa765a89aab2095cb,d2374cbcbb3ca4ab1086534108cc3ab7,2018-08-08 00:04:20,31.9,33.8
99d4dd36318ceb97e9feda8baade3ce2,1,1707ef553eb000d860fff09e3d08b037,8d956fec2e4337affcb520f56fd8cbfd,2017-12-03 23:57:38,68.99,7.78
caf26e032103cc33e3dfe2465af487cd,1,5c2bb11cf2149bd4d9fffcc1246458c3,dbc22125167c298ef99da25668e1011f,2018-07-24 13:25:14,98.9,19.88
f50e6fe960b68d2b8510cc0cef8ed8dc,1,0f4a3e29a1c122f94fe4c48c49d9cfa9,955fee9216a65b617aa5c0531780ce60,2018-03-08 15:08:48,169.0,23.5
8aa3fb1aeacb5920cedf4f8adab84b9d,1,e1e0040c906cc890d032092141a9b6de,e9779976487b77c6d4ac45f75ec7afe9,2018-08-31 04:24:03,79.49,8.3
a8986837f6dff6a1dc83345fa71dcf1f,1,f1c7f353075ce59d8a6f3cf58f419c9c,37be5a7c751166fbc5f8ccba4119e043,2017-09-06 05:32:42,195.0,14.97
d0af04d05d7d5f1b5e65ae9b6278f57f,1,06f4fde9ce07b3d2bfab78494343c5da,96493fab2fbb13a14d0c0e8772eef5c3,2017-07-10 14:05:10,349.0,11.26
b04719a0e9a9c2cb394b7ef1f0ec4b01,1,5b8d60277cb78caf49ba0c814eae519b,2a1348e9addc1af5aaa619b1a3679d6b,2017-02-13 21:47:48,34.9,8.72
38cd9a16e2ee3ee519de420fc15d77ff,1,31a89a7044c5b133cf646404a4e86022,955fee9216a65b617aa5c0531780ce60,2018-05-22 00:31:14,150.0,21.36
f4ab3840a4f72a98a950099cfcb83502,1,5d66715cc928aadd0074f61332698593,128639473a139ac0f3e5f5ade55873a5,2017-08-08 02:50:59,18.9,15.1
3c75e106ed38695c5bbf7fe5ab77a851,2,89321f94e35fc6d7903d36f74e351d40,16090f2ca825584b5a147ab24aa30c86,2018-07-10 20:10:16,27.9,7.94
28a591d0271b8c507e0380cd95521572,1,0701bc9fbbb6612a2e7427a3e7ddbf6e,8b321bb669392f5163d04c59e235e066,2018-04-16 08:10:59,18.0,8.29
cfeeea2d9febd146693ff38c33b0b2b8,1,2c0c951471371afa81e47d7bf8d20522,850913d59ce317156b00f3705f1c3edb,2018-04-05 16:47:19,42.0,7.39
c171b5e40886fdb5a21408a037b5e737,1,921d31a1daa51460b7a95ea5f3ab64d5,4c498c7345e89aebad651544829beca0,2018-01-03 17:54:25,99.9,15.45
15e097de1b936c739e7815d50edbb994,1,2a2d22ae30e026f1893083c8405ca522,1a3df491d1c4f1589fc2b934ada68bf2,2017-07-10 13:05:21,134.9,33.39
67660568d9fc745c94e03b88efcf3571,1,dcbe94f9e03c6dc3c6ef089765ee5181,88cf19ec1fc2c58f161aee259d57142c,2018-08-07 14:45:18,90.0,19.82
b8fd80779b8e6a73a172dc448cb0a0a8,1,370c500401de58da2a25c8cab27527cc,7aa4334be125fcdd2ba64b3180029f14,2017-07-18 06:44:02,129.89,21.4
20e4793779b086b53af56a8ea4b94f71,2,c909912a223f3d98dd5c1eac6e93fecd,2a5b78b41cd05baeac8df54c6606b92c,2018-07-31 02:24:07,97.99,18.79
d74d2985a4c187334dc59722076a2e5f,2,ba6060edcfb9011f13da2fcdc78a01b8,a3082f442524a1be452e3189e003b361,2018-08-15 20:50:14,95.9,32.81
9e20564752c879d871ac6c809777e4d1,1,651fe753ea1d6ad3d5744c1bffd3d6e1,7178f9f4dd81dcef02f62acdf8151e01,2018-02-01 14:16:50,19.9,15.1
5a8f3e078b9a03b9bb16baa101e1c0ae,1,a62e25e09e05e6faf31d90c6ec1aa3d1,634964b17796e64304cadf1ad3050fb7,2018-02-13 18:50:24,108.0,15.52
e0918c299a0186482e345c9117932efb,1,d58020f0dc3b18e41728f846f5072a6c,562fc2f2c2863ab7e79a9e4388a58a14,2018-06-18 04:15:09,29.99,7.47
73de28dd75c1a15abc8a5fb46fb734b6,1,b06e4ddd013b4a1a81e80fe575d9b762,cca3071e3e9bb7d12640c9fbe2301306,2017-09-22 13:05:20,87.85,13.63
abef8b5d0f7fa066c7473db7d650c870,3,f0af7ec9760e53f21277444f32ee3308,cca3071e3e9bb7d12640c9fbe2301306,2017-01-22 13:17:46,99.9,13.28
15bf8f6816bf9ff38c4262721f55bf54,1,7fab1a1472fdd934397068931f63f3ca,3d871de0142ce09b7081e2b9d1733cb1,2017-08-22 10:25:10,69.9,11.99
9236b5f6966275539861284a31b94efe,1,955129b53464486f9f93074c64b2bd88,499ec63c58e51296c9cf57edcfe1c8a8,2018-05-24 00:25:53,75.0,7.39
beb0c6412a4fab0bc73cbebe972365b2,1,e0d64dcfaa3b6db5c54ca298ae101d05,4869f7a5dfa277a7dca6462dcf3b52b2,2018-03-14 23:35:24,151.9,17.97
cfb601982b3ff65c1821561ec49625bd,1,fd0065af7f09af4b82a0ca8f3eed1852,b1b3948701c5c72445495bd161b83a4c,2017-06-27 14:05:24,1999.99,64.89
3c42071acf925f589bd9a83f291c6b8a,1,dc68ee0fcb033a1ab6714fbb5db60c15,02d35243ea2e497335cd0f076b45675d,2017-10-02 03:35:23,249.0,31.27
5d00da307fb1f170ba75e37b6ff2343d,1,02ad328219e45e7d138101bc3c8aa6c6,213b25e6f54661939f11710a6fddb871,2018-06-20 14:18:50,119.85,19.81
1d7ee49ee66da430b533a85af951430c,1,fc1449f3ffc59fd2eb9640505aea0581,9c0e69c7bf2619675bbadf47b43f655a,2017-06-07 10:22:38,200.4,13.36
fce62b229aadb876d9be47556c0694ed,1,c11517f9dd10e879fe8bed8fdab0e3f5,c840d3fdbba0790404fdae73d253b253,2017-10-31 03:35:22,739.99,27.5
a8bb77ab67213461d5c632d41df4fafd,1,9fe172fa8e662ca8572cf12abf8bce23,cab85505710c7cb9b720bceb52b01cee,2018-07-20 10:42:08,49.9,23.07
785e8c8436f4631d009d208dd380b200,1,1a500c1549fa82451817be3577b4c49a,1fdc574883ef3b33ad41562d93f3a74a,2017-11-30 23:13:21,290.0,16.78
6244be66e1870c2392135aa8e2f61aee,1,ed321c2cdae7c40c08ac0eae3d500495,c70c1b0d8ca86052f45a432a38b73958,2018-05-03 13:51:13,110.32,15.65
134141b15902a79a3932a6f486de499a,1,625dac8156b3157351e7257305148f3f,18a349e75d307f4b4cc646a691ed4216,2018-07-05 02:15:52,23.99,17.21
65ac269bbcdab3f78e9365f37aa89626,1,8c19dcc6a7f4c4259c45514b974b6441,1c56ffe0e9dea2657fc6e95b53f40b13,2018-08-26 22:04:37,65.0,52.81
b307cada239e60fdeaef08bc8817c345,1,d392a00a8d96150a649853d20d63e8ba,c3867b4666c7d76867627c2f7fb22e21,2017-06-23 03:15:13,138.0,16.73
5ce0709158a972bda105a5c17a5094ed,1,37246960437c4a40a03c40f0ea2e957c,da8622b14eb17ae2831f4ac5b9dab84a,2017-12-07 21:31:22,134.9,13.96
55e54fbe84b592cd76e9cb620b4e41be,1,afc0353fe79b04ccc1c58929acbbe62a,b1a81260566c1bac3114a6d124413f27,2018-08-16 18:25:19,99.99,18.8
c93a5ee8b79d80e391eba8a575bd4d1d,1,0cf13ac73dbcf6586ba63b89dd1f780a,b14db04aa7881970e83ffa9426897925,2017-03-23 14:07:59,47.0,11.74
8fc45fcea7ef26a592a2f96dc5fd9b05,1,7d187801885842645486f00fb166f378,d91fb3b7d041e83b64a00a3edfb37e4f,2018-08-13 11:15:23,14.9,7.87
2abac84637c5e0ddd2923f22ba61a96a,1,4ae634441e444ca4bc85903cafe98d73,92eb0f42c21942b6552362b9b114707d,2017-04-05 01:22:35,25.0,16.05
eeb17181fc1852d99c92171ac3efd4e6,1,617186c3d97ea56c9c683a8a3974e8c1,cc419e0650a3c5ba77189a1882b7556a,2018-04-10 20:35:31,79.99,18.17
9ffe2ecd67ea09ead5b860aa81182fd7,3,ed61f9d2b8837c3aeebb563b7305ef78,da8622b14eb17ae2831f4ac5b9dab84a,2017-12-13 17:35:28,239.9,9.51
461206d002bda8c6925c7b3f27ed29c1,1,52113f93f479d50c87659d39f4a702e6,e7df4cd29ab5abab70fb0783ddb53987,2018-01-09 04:37:27,809.0,17.16
bb4c68c40aab77380324d2d741782056,1,805967bd91579942b3caac4ebcc39a54,391fc6631aebcf3004804e51b40bcf1e,2017-08-03 22:30:19,49.95,15.1
19d3baace748a12b60b7c0901b11a285,1,b15dbbf17c3f7db9d6e9acff41c34ab8,0ffa40d54288e4f3499b8780dd0f144f,2018-03-22 02:50:46,78.0,18.43
77b27c29ab339345ecc7678db3e23049,1,f03859e4cc21018569f5ae7a03897ff4,7299e27ed73d2ad986de7f7c77d919fa,2017-11-03 21:55:08,49.99,50.22
b30659f06b33fcd3ffad36f031b503e4,1,23845f8d570efe1e44d1ed2f533ab4ee,ea8482cd71df3c1969d7b9473ff13abc,2018-04-26 15:31:30,121.99,23.35
6df3204d235cde9188ca8235366848b7,1,08401f48b67a852d06105725c3013eff,95e03ca3d4146e4011985981aeb959b9,2018-04-02 11:48:06,25.0,13.34
928292f8c5111a3b8bbe94e6cfc7900f,1,9f890da4bf8473aca1996ca037005902,dc4a0fc896dc34b0d5bfec8438291c80,2017-08-04 11:45:17,28.38,15.1
7c068f2de07830e12410a13f85bb6b0a,1,1d23d07e957a7e3a0a951b8df7361990,537eb890efff034a88679788b647c564,2018-05-03 20:15:14,20.9,15.23
ae785dd71169275eba0d44a30412aa17,1,4c283386efa95fcc42ce7a7000afb0df,de23c3b98a88888289c6f5cc1209054a,2018-03-12 14:30:48,129.99,21.31
660cb47a0b4b671c86901a47f7dbc91c,1,052413504e5295cd66ec4ced0b310062,4869f7a5dfa277a7dca6462dcf3b52b2,2018-03-16 14:15:40,179.0,19.13
aae245e2849c2032f94d4baad11dab79,1,799e525b4327b03a6d4a325e68c6cad1,1eade46fba20122dc4aefb379f8c636b,2018-03-06 11:30:59,56.99,12.74
b03b2909d81f43ae819ad1bce8c47e45,1,5d3353870f99e3666b0bf5aed7caba8b,7e93a43ef30c4f03f38b393420bc753a,2017-06-11 21:10:19,590.82,19.9
05452881e2846549b81d39249bb66ad7,2,283dc451ad3918badb976d56ff887289,da8622b14eb17ae2831f4ac5b9dab84a,2018-02-11 22:35:33,99.9,12.4
73ce66a5f57c87bb706302f36d5db278,1,11875b30b49585209e608f40e8082e65,669ae81880e08f269a64487cfb287169,2017-08-17 01:55:16,65.0,25.73
0c41f512e2783cc1d84227b9afee153d,3,25055c4ea763803958c5c79b99a00439,bc503e244f187939d10c92a5c8e378ce,2017-08-03 02:30:41,38.5,16.11
483dc7aea9738d69a6e311c8d3ceda7b,1,ed8aca7716a90fa417b618729f8dba69,b76dba6c951ab00dc4edf0a1aa88037e,2018-04-23 05:51:03,16.99,18.23
e24897d16e9e9993e55e91c606074d52,2,b0961721fd839e9982420e807758a2a6,1f50f920176fa81dab994f9023523100,2017-08-15 02:45:53,59.9,13.44
84e4486c820db46414cbfb1dbbe80889,1,389d119b48cf3043d311335e499d9c6b,1f50f920176fa81dab994f9023523100,2017-11-29 23:08:23,49.0,17.67
1ed66358fd4ddbd6469aa93633c3006b,1,e03102efbc2229024c89be731f0aedcb,2c9e548be18521d1c43cde1c582c6de8,2018-02-22 11:55:31,34.9,9.34
029a092ea19290f774d21c51fd7ac45f,1,921d31a1daa51460b7a95ea5f3ab64d5,0df3984f9dfb3d49ac6366acbd3bbb85,2018-02-06 02:53:46,99.87,17.14
6f7aa3f0f22df0023e8827efb731157a,1,d82bca823d7ea924fb38e011970205dd,5a8e7d5003a1f221f9e1d6e411de7c23,2018-04-09 07:28:16,59.9,15.3
2b8964f15c12ac5df6946804df101d82,1,88bffa97ba651ca4ee0710fa7e0e9653,bf00385a5f7fc1ef39a13c2e9ee50a5f,2018-07-18 21:45:41,19.9,8.89
0ae17ad341b336248ad884272d8c1c93,1,d5ae57e54de86eef671f21694b080cb8,f5a590cf36251cf1162ea35bef76fe84,2017-09-10 22:25:36,359.0,37.03
6354cc319780012d87e001f137f6a0a7,2,ce97756ef65b359ebb3e8ea9a0418123,bd23da7354813347129d751591d1a6e2,2017-12-27 14:39:24,99.0,16.94
18cbe13511542b17fb381213e324d4e6,1,dfaa4aa108d9f919df2f99b86d45cb13,4a3ccda38b2129705f3fb522db62ca31,2017-12-26 20:45:26,47.9,11.85
b12e5d725658a4566286153c51727af2,1,90d0b33a310abf581b6eb73e4f40d0df,0adac9fbd9a2b63cccaac4f8756c1ca8,2017-05-11 13:15:17,8.9,11.85
094fe1a1311bdcff558e373c756412d7,1,56a2556592a309ac9f087be6ca82fbf0,b2ba3715d723d245138f291a6fe42594,2017-03-13 19:43:21,649.9,14.73
634adfa0f5cb0fd3a7c932f3b5b463fa,1,4fb651ace30be388c0e95f48f3308e5a,44073f8b7e41514de3b7815dd0237f4f,2017-09-14 08:55:11,125.0,22.74
3e0ff86919e2e005d7f1d59015edb415,1,54d9ac713e253fa1fae9c8003b011c2a,955fee9216a65b617aa5c0531780ce60,2018-03-30 00:48:31,35.0,12.43
e407655a139ac261ec2f43315ea354d9,1,0d85c435fd60b277ffb9e9b0f88f927a,f457c46070d02cadd8a68551231220dd,2018-02-27 11:31:24,68.9,16.92
84b2dc2dc448456c5727abb0b43a108f,1,3dd2a17168ec895c781a9191c1e95ad7,de722cd6dad950a92b7d4f82673f8833,2018-02-22 02:35:47,149.9,27.59
282798d3d9e90c0c2c02697bdb07b839,1,84412fdf17ffe7f7b52913a82e73b5b2,c3cfdc648177fdbbbb35635a37472c53,2017-06-02 19:02:24,169.9,20.43
06cc09320698aa17c751e20ac00ba7af,1,72ef87b1953a2844ed089bd6dcf73913,8c16d1f32a54d92897cc437244442e1b,2018-01-11 02:08:39,61.5,13.58
4a2d2e4b9b76f135b1e266f10d8de0ac,1,43979b70f75394b51866db74a0b9ce7d,d32e3909cfb714fb2a6cb092c85b9c5f,2018-02-12 22:49:57,489.9,22.31
2741e16d029bedd26c95382328762047,1,93c902b021a9e594f658ab1b0351602a,2e90cb1677d35cfe24eef47d441b7c87,2017-12-20 22:29:37,97.9,17.94
3d966a23ca6c6a3e5dca4053ee2c654a,1,935f558c04547a5f298f32c65d665c23,6fd52c528dcb38be2eea044946b811f8,2018-06-01 02:53:47,129.89,9.26
098f664519835e5af0a1f20f4d778fdf,1,cba32576375902a87170bedaed045b71,5dceca129747e92ff8ef7a997dc4f8ca,2017-12-22 13:29:39,887.0,26.7
05b57f5540e48c853b6235bf8ff10e20,1,a69c0be573a2ba8f96b7650dbc0bbf87,080102cd0a76b09e0dcf55fcacc60e05,2018-04-19 13:15:30,61.34,18.31
3146c0c437f6206198d8934ace1935e1,1,1c63d0a4d75df524d4605a43285925d7,45d33f715e24d15a6ccf5c17b3a23e3c,2017-10-13 02:25:15,51.87,16.12
b8cf03f4a08e3dc7eb2509ef520b20e2,2,8c5bf458020588e0dfeda011254eadbe,d8d9567d0bfb0bc7eb845a205ba42657,2018-08-30 08:35:18,19.9,8.7
b2965edf94b570cd52b1d61430a3beec,1,3e442d09f9dfef002aadf31960869f65,85d9eb9ddc5d00ca9336a2219c97bb13,2017-05-23 21:10:16,31.9,14.1
5cf6b83ea7ea941824c64e4933f5efb4,1,6d43aa08ee344527fc3e86b90cfd2379,3d871de0142ce09b7081e2b9d1733cb1,2017-08-09 08:55:18,89.0,17.87
31d5120f144d73ba1e5aa4e747a328e9,1,1d1fc8a85e598b6b83a558fbd354443d,fcf16b7a8697e559f0123190bb30177d,2018-03-26 22:50:33,150.4,72.91
e055ea75678450065cbfb7af8fc4d16e,1,72b88dcc0910a3d1db986870c1515029,83deb69e889cf80f82be1dc6d5f2d486,2018-03-28 10:49:33,94.9,15.54
a14c872deca4d99bf8414d3dfb72bc34,1,224037b21bfa8621e39c265513ee6594,ceaec5548eefc6e23e6607c5435102e7,2018-04-18 02:48:14,579.0,65.34
14e1335948fa1aacabaedacaf51d545c,1,30715b45872148dd5322eb2989228a43,4a3ca9315b744ce9f8e9374361493884,2017-10-05 14:24:40,61.8,16.19
d307290675e59c844ebde65696377750,1,5be900d0c3e1b43ac845f9ce6fd2b00e,3db66a856d18a9cba7c9241fc5221c50,2017-05-05 06:35:39,399.9,25.35
d8a46fc8e10a38b3756d7e677b3f6ab0,1,596faa581e9b1ca7d28a1c0777a8423b,46dc3b2cc0980fb8ec44634e21d2718e,2017-11-21 04:10:43,99.99,25.98
4ef50a2c9652e429d7d7591a0712aad0,1,19c91ef95d509ea33eda93495c4d3481,06a2c3af7b3aee5d69171b0e14f0ee87,2018-05-17 10:17:40,119.99,15.73
094dbecbb0ab054a620f21c04e82df03,1,4ebab6a2135a2477b657bda38646b64b,7aa4334be125fcdd2ba64b3180029f14,2017-10-05 13:49:22,25.6,16.11
55f6044cecace75277ac3fb0335bf9a5,1,cf84f4d055494a42ee49d58b5f82afa2,ebd2d60905fb58271facef5596b620d3,2017-12-14 02:37:24,69.9,17.74
3d8548cd4cec4412f9007bf10e67b70f,1,60142008404f92c16972d1cb6dd0e3c8,98dac6635aee4995d501a3972e047414,2017-12-04 17:30:31,52.11,7.78
455b543c53eb86970fe22cdb9890a686,1,aca2eb7d00ea1a7b8ebd4e68314663af,955fee9216a65b617aa5c0531780ce60,2018-03-30 10:08:35,69.9,12.43
a3675d53a727735e4e83c8e078666646,1,0b37bd7d994d4ab29992281e2690ad1a,f35b3c613c4f7b2275f4185d0a3c59ec,2018-06-11 00:51:15,66.71,7.39
ab0440479873dd65da01b76ae53ec3c0,4,4df96b4c5286321b71834691e8defd53,8cbac7e12637ed9cffa18c7875207478,2017-12-04 03:33:47,22.5,15.1
48c0a263a6f5c112effbec24abbd468b,1,484619f908431240f47e8c9e96ca00d1,36a968b544695394e4e9d7572688598f,2017-07-12 12:43:40,64.9,15.2
5cbab05b634ce976dce3c53ebfad1058,1,115e606ac8059e4cfa1c6c3310fb365c,1838dd9b8977065acf51d95e0053ea7a,2018-04-19 10:15:19,39.9,23.28
e83017d68cf294c6dc9386de02a700ee,1,64118e924b5de8663f5cb1caad0abff8,cca3071e3e9bb7d12640c9fbe2301306,2017-05-03 06:35:18,129.9,19.5
4a0c442614599b83a064e2889049712c,1,1cf0c9095608952cb1c65c4789946375,b2ba3715d723d245138f291a6fe42594,2017-10-08 23:00:07,54.9,9.34
04652586a8416e68609d21f267dee2f6,1,44d097d59e8430f88a67517cd0c4f865,6560211a19b47992c3666cc44a7e94c0,2018-08-03 04:35:22,69.0,19.39
0620816b111616c1a7c0e03f8929bc4a,1,b1631003bdbc3b1e876f83a7d851d74a,cc419e0650a3c5ba77189a1882b7556a,2017-08-01 01:55:12,56.99,8.72
3f53ab479c257a4c6c027d24e4a2ffee,1,17ad136b7421ea8690fded631b651158,6560211a19b47992c3666cc44a7e94c0,2017-12-21 18:37:28,55.0,7.78
93f3ccc863d3ac17381f6505ccd752de,1,b84c4c7f1845f068f40e350865b803fa,01fdefa7697d26ad920e9e0346d4bd1b,2017-12-27 20:58:28,119.9,20.08
f391902a7436d24842c938f2e5b1bc34,1,47a3fbd41bb53db64dacc4562ba3aa52,cce6ab8d1682639fe45ab70234f1665f,2017-08-28 02:05:19,40.0,16.6
00f6ac4816d12f49026b09f2aa77d15f,1,b532349fe46b38fbc7bb3914c1bdae07,1025f0e2d44d7041d6cf58b6550e0bfa,2018-08-10 17:30:14,35.0,19.44
fb95aa20d91cfc568a3bd223c03e9eff,1,84f456958365164420cfc80fbe4c7fab,4a3ca9315b744ce9f8e9374361493884,2018-05-07 20:30:54,88.0,10.3
a6550e6c4d9f43e105efa45bec3bc70c,1,c3b52e4afa04ca9013545b7a6996e86e,f27e33c6d29b5138fa9967bcd445b6d5,2017-12-18 20:10:22,89.9,9.44
214e3e63d08a54a0670daa8ce72df870,1,8603fd58099e4089e9811dfffe1d5ea2,7fc87cc3e89b3d1d5cabdca32f8485aa,2018-07-31 02:55:26,129.9,50.43
c0d9cb07f94365a3f747472d6121a158,1,dafe2eb26081f760c3eb2181e92c22ee,1025f0e2d44d7041d6cf58b6550e0bfa,2018-05-11 20:51:25,40.0,11.15
de02851d6bdb931fe9bc90c4f92648b9,1,28a652ff04e43c1bc57937a9f8770f9b,3d871de0142ce09b7081e2b9d1733cb1,2017-10-31 22:14:16,99.0,27.24
561f746a88df51356713157ec83fd020,2,01d4157fd9738ea81038316ae4cfc192,7ad32824caee82087b3e2e5f33b1bf32,2018-05-17 13:55:08,56.0,12.83
b94dc34e8bfc76a3e9e7cef3e5e93483,1,23e8820ae7d5a7aee1299a1923876b78,855668e0971d4dfd7bef1b6a4133b41b,2018-04-23 05:55:36,50.0,8.88
3861fdfecf4efb20b8a61f74643d40ef,2,44eceb92060ff42ba1b3716acd052645,da8622b14eb17ae2831f4ac5b9dab84a,2018-05-03 17:30:51,114.9,7.23
e44bc38d6b4a533a8bdf31db140f2d01,1,3a221f8b6066d77649602c0ea9ec8922,23a0ffca143a15b9b5bbdb7d552f626a,2018-07-10 07:51:20,920.0,84.52
f05357e2049ed23ef3cd55f90ab5f714,1,a9b9032e79635ad9618808cfdd644c77,0be8ff43f22e456b4e0371b2245e4d01,2017-10-17 15:30:05,24.9,15.1
1c48d9b0f20275684de911afd11024f8,1,f34707f5f83dbd799b36e79242802784,562fc2f2c2863ab7e79a9e4388a58a14,2018-02-19 12:10:19,29.99,7.78
9c91511c612eb17f1db8e983907b803d,1,c36982ca95045ed1f077134eac1e94f2,7ad32824caee82087b3e2e5f33b1bf32,2018-05-07 18:35:28,299.0,19.97
214ee2e6750c4a27ac6121b731034858,1,78efe838c04bbc568be034082200ac20,0241d4d5d36f10f80c644447315af0bd,2018-07-24 04:55:25,69.9,18.54
5a8a4dc28b16fb90469ad749f9535773,2,33ac889bc3af4ddede9c14fc789a3743,666658b8da8370f30e1f89893b1de5e6,2018-03-20 03:08:35,149.0,11.67
ff67e2e5931af358c3dde42b54ad658d,1,d335945072dbe4531d77c761f7eb6324,0ed6ce5d87fd9c69eaacaeb778d67235,2018-09-04 11:55:25,19.9,15.24
46eb75885eca03736c4188871c0a9ba3,1,ff7fccf8513f360157f0660fe51d1d88,440dd6ab244315c632130ecfb63827b1,2018-02-04 23:11:24,170.0,18.44
73b4137fe1a1e6cc800bd6ee7bde208d,1,ddceb6eef6af67e9fbbd4c148dbe5fd9,ceaec5548eefc6e23e6607c5435102e7,2018-06-11 21:11:30,209.99,24.01
0c0b20eb744a9c5ec1611dfd81da6165,1,cdba44bccdafa757b44f7f41b70f4e23,8e6cc767478edae941d9bd9eb778d77a,2017-05-24 20:50:16,152.72,17.51
51be998db4a4853bbb4aa99da629b94c,1,1878fcfa202ce65b4bfaa9d16250ee86,7c67e1448b00f6e969d365cea6b010ab,2017-06-08 15:30:16,126.99,18.6
c18b6204ad61e6f20f2681af7cce007f,1,a6f2ba5bb6d6d36ac92ed1faf4d123f2,b90e891671cffd9557f33a97dc523645,2018-08-05 23:15:12,215.0,10.02
3474c37ad7067402582a2852a08015f7,1,c924e005748982a0f58ec549a7b5e353,7e93a43ef30c4f03f38b393420bc753a,2017-09-14 11:50:15,649.99,19.31
8facbc594dbaf8ad562c3e6cf196037e,1,53759a2ecddad2bb87a079a1f1519f73,1f50f920176fa81dab994f9023523100,2017-12-22 00:31:45,59.0,17.66
3937ff0dcfc2d3e0ccf73d9b6521611a,1,777d2e438a1b645f3aec9bd57e92672c,4a3ca9315b744ce9f8e9374361493884,2017-01-28 18:11:44,69.9,26.75
3c3103a88bb7a7ec1235eace4515f212,1,3bd016185be10ea4b4b2baa6e7dd9e9b,ff4e2d38692ce827b1a4f4b8196e680d,2018-06-14 14:18:34,35.0,8.88
9cf68a98289ead1bb2175c2323255969,3,389d119b48cf3043d311335e499d9c6b,1f50f920176fa81dab994f9023523100,2018-02-19 19:31:26,49.9,17.6
3ff488af63223ea08fce4e9db03a82dd,1,e7d26dd6742baca292020c158e6720c3,6cd68b3ed6d59aaa9fece558ad360c0a,2017-02-16 17:11:02,54.9,20.83
81d9549a0a8197c72b338f870174f397,2,f0e14d7b2230a53543506024021cc3ef,77530e9772f57a62c906e1c21538ab82,2018-03-01 14:16:00,49.0,25.38
7a35319beabf36472c45cc9ba67f0745,1,3d59253b36345baaf95246491607ab6e,52092ddbd3a58c450a4459bf051b2287,2017-12-06 23:55:06,69.0,9.59
251f0a3981c4a8cb853a9cc9d6ba49ad,1,2b4609f8948be18874494203496bc318,cc419e0650a3c5ba77189a1882b7556a,2018-05-15 11:14:12,79.99,13.16
5f01dcad71ad545ba83a3bd4df58d6a1,1,5f504b3a1c75b73d6151be81eb05bdc9,834f3294fba9f932f56edc879193f925,2017-08-17 15:46:17,572.0,37.27
27c60cfbe4965270943d7cdab0989038,1,103cc8c441a717d9a54fca312ae8ec3c,fa1c13f2614d7b5c4749cbc52fecda94,2018-08-02 12:30:16,168.9,16.28
2c8740f9df6d253c15dc035eba80ebed,1,188a7a06ef624d9549bad5dea5e84ea6,53e4c6e0f4312d4d2107a8c9cddf45cd,2017-04-18 11:30:25,139.99,47.68
e03802b5209c43fd6ba9d5fefbd664ca,1,0b6a32b32a7dc68b12e8a0e0805c44d5,fa1c13f2614d7b5c4749cbc52fecda94,2018-03-01 02:30:44,195.9,15.12
22648d496637318d8713a49b4e628a87,2,054515fd15bc1a2029f10de97ffa9120,e9779976487b77c6d4ac45f75ec7afe9,2018-08-02 16:50:31,43.0,8.04
e5d242a2715fffa5cd81b14e3587b571,1,19502a282608c5627fb32e22724727fc,b2ba3715d723d245138f291a6fe42594,2018-05-17 11:55:19,99.9,18.28
7df7d4ec17315f0dd0c1f6099a9fa5f3,2,06bf70b6e1d67d96308235ef350edc61,2c9e548be18521d1c43cde1c582c6de8,2018-04-11 02:10:26,69.9,13.85
bae8217e6bc5d06c5c5172a3811ae2a9,1,91b08d34d0ba4db44da2dc382867ba49,b76dba6c951ab00dc4edf0a1aa88037e,2017-05-24 02:45:06,10.99,14.1
70e4a16cdaa84276ed287a38cf800b41,1,26cf9f56d8cf027de8e9127676a3f161,282f23a9769b2690c5dda22e316f9941,2017-11-21 04:10:40,40.0,17.6
0f4fb5e0b20cdd9ef2fe37b2627f2cfe,1,84d2057bc1f88332d0892eea0e997d28,ea8482cd71df3c1969d7b9473ff13abc,2018-05-22 22:30:53,27.99,7.39
8782135cf0f7ffe6fb80bf501a37ecd2,1,30b52585b47939123faddcc27cda1cae,85d9eb9ddc5d00ca9336a2219c97bb13,2017-03-17 19:22:42,19.9,14.52
b765555cab4620de41a7714fe7359249,1,ba3f298a122a95c4928e8b8628e8520e,d1c281d3ae149232351cd8c8cc885f0d,2017-03-30 11:02:42,98.99,15.8
0c8afaedb1f20b1655f3ff0d84b4424c,1,1d682cfba05647a5231ac20cd77e6645,8581055ce74af1daba164fdbd55a40de,2017-06-23 11:45:35,172.0,27.52
2b607744e76f81e144b4fa66deefa142,1,b357dcb28df5d58381e1c9d6541f8064,38af8acfd46ac4a7bf754e8ca6736664,2018-02-20 10:30:24,59.0,7.78
f0935e4d348302a4140276ed7c6c1545,1,9cafef108028ea326352e901a8b729a7,2528513dd95219a6013d4d05176e391a,2018-02-23 16:15:35,64.9,20.94
8571f5b695cac36f5124691c0e102b41,1,a710be5818329b097a82bb26b480f5fa,54a1852d1b8f10312c55e906355666ee,2017-08-29 16:07:39,59.99,9.34
4b5cf6901062fc5fda94db5e015089b8,1,c6e5e65a8d521761e0d1a4f6812fc2ea,d624126b9206f595fb3fbb6ba03b28a8,2017-11-17 13:50:26,790.0,21.29
aa7c35fd606f4275e267e859c6a84d0f,1,a42d0a44db77a6ed7945bb5c78da1398,f0e103c63864d5405b958d984b6e94c9,2017-05-29 16:40:05,18.9,7.78
b76190a2c095fba255ab46987545a660,1,f2e53dd1670f3c376518263b3f71424d,4a3ca9315b744ce9f8e9374361493884,2018-01-23 21:50:25,109.9,20.74
b70947b76f548d986539b3a43ae9674b,1,8dc41bbd4f596aff149d8aa3e29521e7,a3e9a2c700480d9bb01fba070ba80a0e,2018-05-04 14:09:08,249.0,18.65
84ddfd4c559558c53b5a4c6765e49be8,2,9a4b54310a69c82a6773791c9099e109,7040e82f899a04d1b434b795a43b4617,2018-08-14 21:44:52,5.9,7.39
dc4cfa94b80bd43118f48eea2ddc0151,1,c60e25a5b45431b1c12be4d04bc9a7fa,d29ba1220fb8634fa3a107e54497b8a4,2018-07-23 14:15:20,84.99,23.54
187f46dc8413d66bb854de95b004d9b3,1,dd12ee0c5287865a05d9a873944680bc,dfc475d54e1b6dbeeb7d7d9bdaa63827,2018-04-11 15:35:19,251.51,16.64
86dfa937c43f021fdd93264d20c8537b,1,516a7c0b152777ac153b6ff568582222,a1544b9ea0b2390e020537d4daa89049,2017-09-14 05:04:13,49.9,15.1
4c374f090868ac5a5910f6b1fd383c25,4,3d85e85bcd2c0315e0db407db8f7b532,1c68394e931a64f90ea236c5ea590300,2018-04-18 09:09:23,67.9,13.7
8333a97ebae7fc470923e0ab9e9f0737,1,42eb5329dd0ee3d76d135ce04c84451b,282f23a9769b2690c5dda22e316f9941,2018-07-11 04:50:15,29.7,16.4
38a747fb2e7915ca7157237088020cf1,1,2295c573e69974c45434ba00300189f4,6560211a19b47992c3666cc44a7e94c0,2017-08-10 20:43:41,29.0,7.78
8826b56d45c25577190e5c91fdca2a61,1,083ffd30820b592e294de7ed668ff975,f8db351d8c4c4c22c6835c19a46f01b0,2017-11-07 22:45:15,45.9,11.85
fcc5914e9f71ef930cd32cb26b3563c4,1,fb55982be901439613a95940feefd9ee,3d871de0142ce09b7081e2b9d1733cb1,2017-12-21 18:14:27,79.0,13.57
da6f4983b13d38e911e7c8f60771ba66,1,9bfc55df037ce3ac01bfd84781adf7e5,b33e7c55446eabf8fe1a42d037ac7d6d,2018-01-02 11:48:47,598.99,18.94
6d9ae94dabe435d638bfc80834e79b4a,1,aede48631330269f65a8d680de491657,dbc22125167c298ef99da25668e1011f,2018-01-30 15:08:07,99.9,14.43
190557ff9eb3797082b5279359cf7bef,1,b623b7cb05ee3248fbe4a6ecbeed79a4,7aa4334be125fcdd2ba64b3180029f14,2017-12-13 15:31:57,70.97,17.75
82ba6dcd4e23b3992eecd5bcae999c30,1,e5841e5f87a255ec40d170b4177d03ce,b33e7c55446eabf8fe1a42d037ac7d6d,2018-02-06 01:04:40,679.0,16.25
0ba375898f7c9b49e9d12cdd4f4467e8,1,6cdd53843498f92890544667809f1595,ccc4bbb5f32a6ab2b7066a4130f114e3,2017-09-05 14:45:51,349.9,15.47
77df84f9195be22a4e9cb72ca9e8b4c2,7,8ccaa3f8b171b199e37294ece30815a3,95ec4458365c4d11f452ccf538377619,2018-08-21 04:44:00,18.9,3.28
84f9e55a4538777400d2fa996b626570,1,9da950e8c8c482441f1b93955b21c827,ceaec5548eefc6e23e6607c5435102e7,2018-05-01 23:11:31,215.0,22.59
357faf30d677dbe3c31a345f7026a6bb,3,77922dd87928c2cf9225946dac2a27a7,5343d0649eca2a983820bfe93fc4d17e,2018-03-14 22:31:02,56.0,22.03
61fba313862d5071658794c520745397,1,ad7c531c2001111873dcfed9d8317439,7a67c85e85bb2ce8582c35f2203ad736,2017-10-26 03:07:29,59.99,29.95
df2c3731dcfbe2f0861182b341c71c82,5,373ad61ecfb4f1bd97ce0de42d3d9f04,08633c14ef2db992c11f840f04fad4cd,2018-05-08 19:15:46,27.9,18.23
2cfc79d9582e9135c0a9b61fa60e6b21,1,6bd248f93425ceeb625a8a97e2404112,dbc22125167c298ef99da25668e1011f,2018-02-23 17:20:52,59.9,19.66
1cafec050dfd61009e2efb0428f28438,1,11fd9d7ba552e1d28872e008acf1e050,cb8bcce248bb1fb274ba762d8b971456,2017-09-15 18:43:24,139.9,13.11
f3f0bc4d599d1d5251f1b37cec7b407e,1,77f70ac9f5426624db4fb65c4f1195b8,fa1c13f2614d7b5c4749cbc52fecda94,2017-02-05 13:53:20,129.0,11.51
8608b68211e2b6a120ff2e767285e069,3,cf54cbfe4e33bc8f7b34a65da576497c,d2374cbcbb3ca4ab1086534108cc3ab7,2017-09-22 20:25:12,38.9,1.55
58279d6e5966be96c8768b58f9a6f983,1,12109f7ebba06bbaeb6448c770cb716e,54965bbe3e4f07ae045b90b0b8541f52,2017-11-21 19:55:23,89.9,17.88
60d0d7f6e4119e9a4630876994978c2b,1,3efd399c5d016b9e6a5ad3196eade44f,503c1de08ae81a2d86f17951b204db55,2018-07-30 09:35:18,243.0,20.89
649fa665ec97c1e0c786685fc3db9ba0,2,d5991653e037ccb7af6ed7d94246b249,25c5c91f63607446a97b143d2d535d31,2017-05-26 04:22:40,188.9,20.56
8f35c9d6cb15b3bc14a4a88374c6d3d6,1,6ce07ff93c0dbafa9df5c10038e41287,972d0f9cf61b499a4812cf0bfa3ad3c4,2018-07-27 17:04:38,138.18,66.18
93fe52f922933e89732474d91f6ac25f,1,457cd0a99cfa977993e4eb6d98d95abb,ea8482cd71df3c1969d7b9473ff13abc,2018-08-22 16:09:42,39.99,7.54
c7cecd72d8b7b272d7373802da9b302e,1,8c5876b1c7768217964f353bc7e64393,0db783cfcd3b73998abc6e10e59a102f,2017-03-30 18:33:08,49.0,10.96
64958fed45ad3cd3b84be03fd9ac01cd,1,e9cd877ece530798c06b7f8d31b631e3,70a12e78e608ac31179aea7f8422044b,2018-02-20 11:30:26,45.0,11.85
141a3a105ece0b78ebacac138ca4a4fc,1,5411e9269501a870cabf632f05655131,3d871de0142ce09b7081e2b9d1733cb1,2018-01-22 15:07:55,129.0,13.92
e55ccf4e8ae6aa77431729b1bf96d741,1,71fc2a7d96a222b04e4131cfc006f265,8444e55c1f13cd5c179851e5ca5ebd00,2018-06-28 12:31:34,108.9,16.28
15b5597f4ace3db6ea01c54d433187ce,1,3429d7e4892a2df967fae671f4c98deb,900ba814c251a692506d7834c1218441,2018-07-18 14:15:10,370.47,43.57
d0b378f9d33cbf6b21c01295494a9ef1,1,572ce8c246c9eb25f976d31f29278d09,870d0118f7a9d85960f29ad89d5d989a,2017-08-09 16:50:15,22.9,16.83
4bff66c10610e424c94b8cc3ee0f2bea,1,49af4c64c7a13a102a10c4c2d6cd4d91,5cf13accae3222c70a9cac40818ae839,2017-11-29 23:31:34,89.9,18.2
ddc7c19ba9ea65183373ed66beabe356,1,d3d4e7e463c2dfee7980633905a71cdd,da8622b14eb17ae2831f4ac5b9dab84a,2018-06-25 02:31:10,19.9,18.24
5e682664f3f3651fbaf00a25915ef580,1,154b6772d166a9c3398661ea26350dc6,6d66611d7c44cc30ce351abc49a68421,2018-03-19 18:29:23,399.9,37.93
9b5be2b2b32aab3c2d528cef27f8d6db,1,b667e64d366991432e4c9c45ec4d6d1a,c3cfdc648177fdbbbb35635a37472c53,2017-05-30 16:55:19,54.85,15.14
732afdd5420c25c298c18de68006fbd6,1,b01d34f6d2545269d348181768eca049,6560211a19b47992c3666cc44a7e94c0,2017-11-23 02:30:37,55.0,7.78
7a06f1e596e63eac60cd9f3085ea501f,1,e2bb00220a167d9e60b6776ac33717bc,6560211a19b47992c3666cc44a7e94c0,2018-02-23 19:07:23,56.0,11.89
9ec41066fe9773c225c01e1a10bee705,1,5efb4125102dcaa9a937dc2002c96aba,d91fb3b7d041e83b64a00a3edfb37e4f,2018-03-06 22:07:42,14.45,11.85
b050c4789515afbf9494031e52fcb0ac,1,9bb8ca338e5588c361e34eae02e8fad6,620c87c171fb2a6dd6e8bb4dec959fc6,2017-12-05 23:58:24,59.9,17.67
f83cf3c2b67fa69e65f769bbd1b06396,1,8f294708d3d915a85d705b2654e49ca9,fbc14c0cf93505ef89f64665ffa4a7b5,2017-10-23 20:28:14,62.99,15.19
8056f3074c90b0bec67d3d71a204562c,1,475e8a9ddbebf13af503d1c7eccadb1a,f8db351d8c4c4c22c6835c19a46f01b0,2018-03-01 02:50:47,118.9,15.34
77197d80101ec8ad66a1e174eea411e4,1,21b524c4c060169fa75ccf08c7da4627,0b35c634521043bf4b47e21547b99ab5,2018-07-02 15:35:17,63.7,18.55
b2f6d9c004d4df667af498c97106b8f1,1,53b36df67ebb7c41585e8d54d6772e08,4869f7a5dfa277a7dca6462dcf3b52b2,2017-07-31 11:03:29,163.0,15.89
5a2cc0ecbae1c95bdaba1c3b0f5c6adc,1,14a931266aff3fb450bab1d076bdfd7d,a23266650e7c84bb93fbbba502137478,2017-09-20 21:24:44,21.9,21.15
827c335f35a0906e59bf916172a0ee83,1,815ab08327dd05cc75b2b67311f83239,1da3aeb70d7989d1e6d9b0e887f97c23,2018-02-09 19:30:44,10.99,14.1
6597009cc04bb23ff7d1958a705cdcbb,1,389d119b48cf3043d311335e499d9c6b,1f50f920176fa81dab994f9023523100,2017-11-16 13:26:15,59.9,17.67
694e3d121f16bcbb9b4595b6c6ab3baf,2,a5215a7a9f46c4185b12f38e9ddf2abc,53243585a1d6dc2643021fd1853d8905,2017-12-21 16:20:28,1340.0,26.03
7af34335adbe8e29fa3ef500f9f2c270,1,e70f7c188cd2c0f01a1f6b35411cc481,6560211a19b47992c3666cc44a7e94c0,2018-08-14 05:44:41,78.0,13.21
22d764197653b8e72e86fa89109d3a07,1,0c91c5c2a59854e1fdafdc0478348c32,218d46b86c1881d022bce9c68a7d4b15,2017-04-13 01:15:12,23.0,12.93
08d1ac9ae1dcec96c3422ade2005fe94,1,299f6d537aa695fad79a42bcf3fdd3a2,4a3ca9315b744ce9f8e9374361493884,2017-09-13 10:04:33,199.9,17.16
18193d834e0d2e9787375ad24d4e2b33,1,840b41c3044d2b09db4933d48cffa924,2a84855fd20af891be03bc5924d2b453,2018-05-16 15:56:41,18.9,17.06
78b5b205705f30bb989c4a6c7f8822e4,1,10335f29114548c89998eb43398f58e5,6560211a19b47992c3666cc44a7e94c0,2017-12-21 17:31:18,89.0,7.88
d247ca22fce9ccacbc4adb556e4083f7,1,754bbcab20b7ec2572eea091259f65a9,ad781527c93d00d89a11eecd9dcad7c1,2017-11-20 23:46:40,159.99,32.15
cc5a9c86cbb61d7baebfde35e243a2a9,1,6f67fbf87e4b17a1aa8abfe2a0ffc7e4,7e93a43ef30c4f03f38b393420bc753a,2017-11-21 21:15:21,529.0,17.45
30b693f731699f8468a99b453bd26dd7,1,bb50f2e236e5eea0100680137654686c,f7ba60f8c3f99e7ee4042fdef03b70c4,2018-03-08 09:30:27,325.0,13.77
4dadcd5f9e682c17fdc6dded70c048e0,1,337c81a0f9e751b6cbdf56680a33c365,a17f621c590ea0fab3d5d883e1630ec6,2017-05-11 14:05:12,26.33,15.1
45acb6840b062e10dd63454b19ce5212,1,ad4d0d4117b535484bf7e32089e5b1a5,f8db351d8c4c4c22c6835c19a46f01b0,2018-07-06 16:31:51,779.9,67.48
5fbf5069e1db9d79733184b67a576c4d,1,9ddefe6012ab29194435ee63df2779a1,282c7480173bb9c01dd41cc739fec010,2017-08-21 03:32:00,69.9,3.38
d36a4e2b3b3896998031588f13c260d5,3,6b61c9889ff5ea54a786b54fff36251f,8fdca8e349553f99bc738833a62c8802,2017-06-29 18:35:22,17.5,14.1
3cd1fc00785c7052ace31b764290e42c,1,fcb300f1ac9a1231f70f3d2be2db9af2,17ca9b9e9b9ef8fdb529001b49ebb50f,2018-08-02 10:24:18,69.97,19.68
161743a94abde3599def5bdce166684c,2,134a6fc4a713a799266ebd6a4f4008d4,08633c14ef2db992c11f840f04fad4cd,2018-05-14 03:50:26,39.9,21.88
fc2010beb548588d1543ca8adaa132ba,1,df480c7d3f979093ac4c2d1109e78289,7e93a43ef30c4f03f38b393420bc753a,2017-11-01 14:56:22,669.99,20.45
55e68a38817afa16c0547a6ebeeff145,1,7094fadc9773845c7d453e51b04289a8,d2374cbcbb3ca4ab1086534108cc3ab7,2018-01-26 21:08:40,81.5,13.59
e5f48c85f53cb4d3f36b6cca32673337,1,cb71b23bd70b9df12843e4dfb9ed09c1,85d9eb9ddc5d00ca9336a2219c97bb13,2018-03-06 09:31:05,27.9,14.1
93be3c680089cedbd7306a23dba47168,1,a8e7b3f6db5b8a460082c9982f9337c2,1da3aeb70d7989d1e6d9b0e887f97c23,2018-03-02 12:50:35,5.99,14.1
31d9e006c7c94bccba8798ded8f50034,1,135fb255f9873811c6aa6eba7fb17649,91543f9849d68d023e17194926598543,2017-11-23 09:47:06,119.0,27.37
ea478babcce555886b89e947325ceb48,1,592622a6e083df9d90d48ee459f6ed80,729b2d09b2a0bdab221076327f13d050,2018-08-14 11:15:11,49.89,13.01
4d7ca3591e5dc730ad4e00085ebe11c6,1,18f6ea7e8cff29f8053baac6762449f9,f80edd2c5aaa505cc4b0a3b219abf4b8,2018-04-30 20:55:46,54.9,11.15
f1487beee9bcc5d6921a3e5ddcb63623,2,373c022e7383e108569b38098f3ed975,891071be6ba827b591264c90c2ae8a63,2018-06-05 16:51:36,34.99,7.39
c3ea5c5d0f6da616026d4cee6df674a5,1,d26580768894ea0cdc9f19dc672956c2,d50d79cb34e38265a8649c383dcffd48,2017-06-29 23:10:07,169.99,34.85
ee1e5461125181b29a98058b3e16d26a,1,4372c58b785f6a6e66899e62099b6ef2,f45122a9ab94eb4f3f8953578bc0c560,2017-09-18 04:45:43,89.99,35.95
f6cf807a05566571a2781deb6a223094,2,cd0c6e2f80f5a0ea7e366b01bcb66154,db4350fd57ae30082dec7acbaacc17f9,2017-05-25 01:25:14,16.99,20.99
49b2e22ab4e36837e0c47657dd8e390a,1,879427b9d8a3ae52519297b567fc8e71,d1c281d3ae149232351cd8c8cc885f0d,2017-06-12 16:15:34,166.99,61.91
50aee6309ac7a0d4fd5c78ac0d4e5404,2,d1c427060a0f73f6b889a5c7c61f2ac4,a1043bafd471dff536d0c462352beb48,2018-05-03 04:15:20,119.0,19.74
f1dee8f6b8d42d98d0f48b711a6a6d35,1,d1ff1a1223a2739d17005c9f4c4a40b6,3d871de0142ce09b7081e2b9d1733cb1,2017-08-10 12:30:14,100.0,17.95
b40c4af3ffbbc82b406eb247212668f9,1,04e90f954f5fde312ce378b26ddfad13,f76a3b1349b6df1ee875d1f3fa4340f0,2018-01-10 17:16:26,174.0,30.01
1dab0c0287080d25e4e38d906304268a,1,aa8bc5595ba5d066c744e14995402cdd,fe2032dab1a61af8794248c8196565c9,2017-06-23 12:43:05,279.0,15.7
dda34d917fca93319316d959e22b9289,1,0c8862859cb952ee81428f80dc8140d9,f2336e113377dd21c744d9c4fc8293a9,2017-02-26 17:46:56,1099.0,47.2
18b32669d9e5cbe2038b8080829a2c1f,1,2948658cb6abc82847412be7201bfc4c,955fee9216a65b617aa5c0531780ce60,2018-05-04 03:30:29,110.0,18.85
fa489b941eb1d4ccba665793c2dec608,1,862112f0c6327bdb9d1c52176ce1d482,db4350fd57ae30082dec7acbaacc17f9,2018-04-17 20:29:42,25.99,22.85
3529da555e9238eaa0ac000c0ee4fb05,1,7c1bd920dbdf22470b68bde975dd3ccf,cc419e0650a3c5ba77189a1882b7556a,2017-11-20 12:56:20,58.99,13.43
4258b5bedf2331953c0b974849dd7b24,1,9df634af5c467f3b07f3d92f7765aa64,8bd0f31cf0a614c658f6763bd02dea69,2017-10-24 03:07:39,82.0,16.82
7fad4942eb2e0461140e94f51a3e5053,1,89005f5c60b53829a9a617fe5e292221,955fee9216a65b617aa5c0531780ce60,2018-07-24 16:15:14,40.0,9.03
1fa78500e37879853df6bf65220a3994,1,ea4f4b5a820fea007c6c8d7ef9a790bc,ede0c03645598cdfc63ca8237acbe73d,2018-02-27 23:05:36,44.0,11.85
f92d5a62c7841e7f1a73ce4a68912c4b,1,cf51b185defdb6170bd8deb64707e906,d650b663c3b5f6fb392b6326366efa9a,2018-08-13 15:50:14,699.0,22.99
793600b6f83c44827bd1d480fbde321f,1,bfc0d01be79d9038c7720f983bf954e0,634964b17796e64304cadf1ad3050fb7,2018-03-07 22:30:33,137.0,16.4
f1ce104562bd756dd17eecf2a55766bd,1,414c53fa9c5cc4a0390682aeb2e25ec1,002100f778ceb8431b7a1020ff7ab48f,2017-12-18 03:49:38,17.9,15.1
c260d944a07210c4fabf8b7d67ac8d6f,1,e0e2e29a516b06947e388d20aa7bf7a6,1cd9e0cc1839d55516843def5600816d,2018-06-22 13:55:47,209.0,14.76
d39b614462020b03dbd6b14f515137f5,1,363218ba55c610b750224f90bdd34be1,33a6f4b1e7cdc205511e76ba1b6e0186,2018-05-23 16:59:24,77.99,9.25
1a878941e5a0c2afd1b0a14fb61f89b8,1,ee98d78ba152f752429f6bc86297841f,a1040efe9ff4a6f93c28b0499eada8f5,2018-02-08 14:09:43,1658.83,34.48
05fb90958eaf5f1c3287acf11060525e,1,ad21c6ffe97ed6db7a3d73b51bca2ee0,ececbfcff9804a2d6b40f589df8eef2b,2018-02-27 21:30:27,47.6,15.1
edddb585a5c894ef488568334c567e2e,1,99a4788cb24856965c36a24e339b6058,4a3ca9315b744ce9f8e9374361493884,2018-08-15 14:50:16,74.0,23.32
437421f669044dcf1e3e323bb715cab8,1,aafdb12b1b20091509f5c337498dbf1d,95ec4458365c4d11f452ccf538377619,2018-08-16 03:24:38,89.9,19.82
04dbc8d27bc4a29787bbaf068607aa76,1,ec16be6dfd2b67c4f576d7c7ccda1358,f9244d45189d3a3605499abddeade7d5,2018-07-06 10:14:06,99.99,15.09
9dbdb4ec80d02c90c7e93c786592629c,1,9a1671211dbf49fd18dd1bd16cff632d,381c83fdca332ea6afd896da20bf6e4a,2018-02-26 08:31:06,109.0,18.01
848b0561d4bc26f57b288a5004f38683,4,1b7ce992a80ac036dd9ab73d08289712,582d4f8675b945722eda7c0cb61ba4c7,2017-12-01 19:19:02,25.5,2.79
a9f03424f2176817b05dc4ee9d048d6d,1,1a26ba82503a95e1e69edd327df9e183,5d0363b33554b373851fc1622e4d5f3c,2018-05-16 13:51:53,50.9,18.44
b65bc3c893e55d8850fdd459723e5f88,1,c7f94c1833b036167fcebd72310a4e5d,5dceca129747e92ff8ef7a997dc4f8ca,2018-01-23 16:49:45,69.9,17.2
de2198669f76c1dbd0d137f101a7d6f0,1,431d674f9a4fbd0957ecf6ba3fcb6899,53243585a1d6dc2643021fd1853d8905,2017-12-07 04:38:41,235.9,22.45
9abbdc48fa5090fc71433b094fd329a8,1,c438c9c697a57d265dbb6edd8b174b2b,a3a38f4affed601eb87a97788c949667,2018-03-16 18:30:29,64.9,19.95
d06fe8d6f4bdfe9cd1992aa3322f2f47,1,0ee362737f0fade7293e5a4f375f2446,2528513dd95219a6013d4d05176e391a,2018-06-15 08:55:17,129.0,18.48
29c8471e22b812817dc9d933a3690694,1,a4fdd00347db855f614a18bf51606df5,6d803cb79cc31c41c4c789a75933b3c7,2018-01-10 22:11:36,189.0,18.57
73e025915b8bd2c8856d0d3f85545506,1,6002665d65ee348dcd357c7bb2f080bd,f45122a9ab94eb4f3f8953578bc0c560,2017-05-17 21:30:15,59.99,17.67
d82a297437092371e1c2278befb2314b,1,5a4ad40b009d7b9aed160df860afffec,34056b8b55c1775a22af2331670a799c,2018-08-03 02:45:17,64.8,27.4
98bc29e10634daaf3f5aff29eea45be6,1,461f43be3bdf8844e65b62d9ac2c7a5a,4869f7a5dfa277a7dca6462dcf3b52b2,2018-08-01 16:15:15,138.0,22.9
342b802870cffb4cca6f8b612e121300,1,53a72a0b6feec4a5cb40c5c79374b471,9e6229250fedbe05838fef417b74e7fb,2018-06-06 22:31:38,169.9,19.27
cea0364e8ea12a04f546c4dccc33d293,1,35ebf08a93899d44e756809e11b14754,128639473a139ac0f3e5f5ade55873a5,2017-05-31 10:30:18,12.9,15.1
08dd64e78f26024b266515d5262be17f,1,ab9cf155f8280c3739b09fe341a185e8,92eb0f42c21942b6552362b9b114707d,2017-05-11 22:30:17,13.98,25.63
77398a0f3a4c177f2c4c7010abb1d9d9,2,12b5c284044adc0687a6ffbe84d317e2,cd68562d3f44870c08922d380acae552,2017-07-24 06:05:44,259.0,14.67
e5ddbd23174123100cd4e3eb36be5b2b,1,69d1a2681324d48bb7f38a7bb7b2646f,3c7c4a49ec3c6550809089c6a2ca9370,2017-10-02 03:35:42,13.99,14.1
b1cd362ad264b0da57a669fa27c8f5cc,1,fecf6223a3494f35362f670e571d2a04,3db66a856d18a9cba7c9241fc5221c50,2017-08-17 16:50:19,69.9,35.81
e42a84e9da2661784849b93dd02c579b,1,461f43be3bdf8844e65b62d9ac2c7a5a,4869f7a5dfa277a7dca6462dcf3b52b2,2018-02-19 20:35:24,148.0,15.79
afe88388e4101e5724c27c83f0aca398,1,5403528d987ad26e8d7cb25940411987,6560211a19b47992c3666cc44a7e94c0,2018-06-25 20:57:08,49.0,13.0
35b21ed0cc9b73594a41b071693b55e4,1,a59fb60fddcc72a9878b7ed5cb69d8e4,7040e82f899a04d1b434b795a43b4617,2018-02-14 13:20:24,19.9,7.78
05b771d711b0fa6d8ca9f42c3cc29f41,1,c9e370a48c93410b221b46ce7ee41643,08d2d642cf72b622b14dde1d2f5eb2f5,2017-08-16 18:10:17,58.0,12.75
69b60c85164df072f63b06bc0bda9804,1,d696750e550fd0f733979dd7e5dff921,9de4643a8dbde634fe55621059d92273,2017-06-07 20:50:15,168.98,27.72
d11d6ab0c7df16a66c726f6f83ef51d1,1,c18ac1d6cc053c0ec7296b994ae6ffeb,86ccac0b835037332a596a33b6949ee1,2017-09-10 22:24:19,29.99,17.92
9cd56a4791f9a693673888aec901d978,1,ace5d86cf1ac63cdb76f49e5cd23d2f8,cca3071e3e9bb7d12640c9fbe2301306,2017-11-09 08:30:23,50.9,35.68
a4f79d60f934a1fdc35b009f9415a8b3,3,8eae309a711208a0e5e41e110cddb1ee,d8cf3b6a2151949f930d0252b180ec42,2018-04-19 17:11:05,20.5,22.93
57fd8fedd552dd174321576bd4df11ad,1,1fd10191b0bcd5aa4020c0721372510c,855668e0971d4dfd7bef1b6a4133b41b,2017-08-24 07:04:32,290.0,16.23
a2dd2555832adf77db576aeb3906f57e,1,ce93cb16a8a8bf824af8246d97692415,aaed1309374718fdd995ee4c58c9dfcd,2017-12-06 02:23:36,23.3,15.1
4f259869d5c650af6f847b027032515b,1,9cb211b1d12a3222bdf0d49b1c3cbc24,a4e634166243bbb3a13fa584463fa468,2018-05-04 19:31:11,139.65,36.91
5ab3ac23bb4fcf50895b04971819b545,1,7bcf2266b78ccc737b8f26f925d3c5d4,1464afc72f696af775557a821c2e253f,2017-10-13 02:14:21,42.9,15.1
fc0e0898cfd3461507bc68aea61e36d8,1,3c12d600fecb7aab3c4e4cd7755f1de3,5d0363b33554b373851fc1622e4d5f3c,2018-01-05 21:07:28,89.9,16.35
c0671cda25f7253fc814a9d6c9171583,1,95f3db773f64f68c9b7e7c3ee4ecd15e,5f26c1408a65b42a7224cd463bdf3292,2018-08-21 20:49:46,123.6,22.8
c52c7fbe316b5b9d549e8a25206b8a1f,2,0e1fa2aadc04afbf8fb30200aeba06a2,7a241947449cc45dbfda4f9d0798d9d0,2018-03-27 15:15:35,129.0,50.97
ceba50755e5b8a3009945798f45ead9f,1,3225c54bb2785c33f49f50398fcdb88c,c60b801f2d52c7f7f91de00870882a75,2018-03-22 13:35:38,270.0,9.65
1e2d70a35f238a2f454d8def1d883d8b,1,cd48f265a63e13b762601f5f794c5fca,e9779976487b77c6d4ac45f75ec7afe9,2018-02-26 20:07:18,47.49,16.11
bb45e059db1abcd5cedfdacadc9abd5e,1,d688e1eb847d2f72892ede46001673bd,d58d521f3789def2e7a22715e0badd93,2018-03-26 12:28:39,32.99,8.88
ef18f5dcc7b8a44cbdb1a14de4164bd1,1,4535b0e1091c278dfd193e5a1d63b39f,ba143b05f0110f0dc71ad71b4466ce92,2018-07-10 11:31:24,53.99,9.13
fd6eda1ff5aedbd14847c99543d9162f,1,168a1b76a7598bdaefdc552324c1bbfb,3d871de0142ce09b7081e2b9d1733cb1,2017-11-09 22:06:49,69.9,12.3
ed7cabc96de8c36774b894e98aa73dc2,1,a5e242d7d26774906928c7c4aa3916bd,0adac9fbd9a2b63cccaac4f8756c1ca8,2017-03-16 09:38:04,8.9,14.52
02e827a9f1e829b50b81eb9e26588ed9,1,009af1277432f1a05742df69cdf72d1e,8f119a0aee85c0c8fc534629734e94fd,2017-08-17 18:50:14,59.9,7.78
3e9bdc72197be8d2881273a27efc207d,1,870bcc6c58e03ca658cfdd13db4bbe28,a3b42d266fa8afc874b909422ce88582,2018-08-06 11:04:39,139.9,13.64
5d389775a013b9eb8fcdab4cdc1eae1d,1,0f3288619c16188d156acc3ba91f36ab,87142160b41353c4e5fca2360caf6f92,2017-02-07 16:25:13,19.9,14.52
21acd87ab0e70951d2aa3b0cd6445c69,1,ccd42132afae2f1f5bfd5e27549c6ece,d566c37fa119d5e66c4e9052e83ee4ea,2018-07-18 23:30:19,65.9,13.12
fd192fd37b66b1d22bfe7b82ace0a064,1,75be6b15a70d22b49d21e9c90ae7c2d6,8b321bb669392f5163d04c59e235e066,2018-05-17 17:31:45,9.0,15.23
d3310038bbf991ce02501a51022f5283,1,9d3a38202f455fd1c45c8f4929bb373c,9c068d10aca38e85c50202e17b4a7e88,2018-08-03 14:44:46,159.9,31.99
8321b0cd9de49601b4c81b6ab4c3f15e,1,3b0f7951038b105522c2d566b54421f7,562fc2f2c2863ab7e79a9e4388a58a14,2018-03-29 19:55:33,28.99,17.06
5fc156541c3cea8af8784a46dbfcd183,1,6c4f9f5db7665ec7f628f17d459b4aac,06a2c3af7b3aee5d69171b0e14f0ee87,2018-06-07 10:56:37,64.99,27.51
021397df4601b61a8bd063be9b5c54a0,3,0c4e43e25f781898363a83f9a7390ebb,48162d548f5b1b11b9d29d1e01f75a61,2017-11-22 18:15:46,109.0,8.35
71f28f100b9563aab8eeba751790d889,1,664d6e6b4227a0fc34582be4a6cc6448,1025f0e2d44d7041d6cf58b6550e0bfa,2018-05-21 21:31:40,62.3,10.82
d8f7f9be7fb1c9734fecec3ba39cba52,1,e15cee02291017f6f12b4115ffb417e6,391fc6631aebcf3004804e51b40bcf1e,2017-02-26 21:38:59,24.75,11.74
67528c4b8b629d9cbb51da492c6a9ec4,1,01f3a99b81f49109d42540d84bcb8e07,b67d6c666e8dce1d078c882825e12704,2018-07-27 09:18:34,45.05,7.58
0078a358a14592b887eb140ef515f5ab,1,722f84416177a451c3be217ef8ffa082,cca3071e3e9bb7d12640c9fbe2301306,2017-11-10 15:55:43,253.52,82.86
ab6442c868ae3695e675d3c39aa616a2,1,a2c75a23c2f838881dd4275c0cec519f,048c2757535328e0d7dac690ad3c0aae,2018-02-28 15:15:28,157.9,29.51
2c922479dfa54e17760a70063a369e8a,1,2d110366dd24a714cb50dddc30b4101c,9b00ed88b7fdb95d6ff76e27c1b52d16,2018-04-20 19:11:42,36.9,18.23
1dd524259037e53865e1fbee3697183b,1,67d9cf5b0dc7a0b9fb091efc68b14140,d50d79cb34e38265a8649c383dcffd48,2017-06-27 15:30:33,269.99,32.92
5e0de5e6b42042ea6e00e3d07d4aef84,1,53759a2ecddad2bb87a079a1f1519f73,1f50f920176fa81dab994f9023523100,2017-11-30 03:31:22,49.0,37.97
1c4c5941a5469a3259096232a68c3e70,1,741e14d6cfe9c7dfcace49c4a0989bf3,adbc26658d6c7b4b6219f9d934598091,2017-10-31 15:28:38,130.0,18.16
6b44342ff71a8b9c36b706c13e015cf0,1,724e311fce23cd5509319b1fd68e5622,bc2ac6b95e1accce9858528ee566c17e,2018-01-24 15:19:40,82.0,14.32
f15eda4eee582fbfebc330748f24e208,1,71191d3e8768745afc1c290c63f6241e,562fc2f2c2863ab7e79a9e4388a58a14,2018-07-09 04:32:12,24.99,18.54
b7bc42b133d843af73988f6a9c68dbca,1,8eb8da639b6e68ec3b2f3e02d5d6a4b4,dc4a0fc896dc34b0d5bfec8438291c80,2017-09-08 17:24:49,70.9,16.26
6868b1111e9eb1b40b43c971fcc28847,1,84be5141d846547d42b5c4c202f96709,669ae81880e08f269a64487cfb287169,2018-03-27 11:08:08,24.99,19.32
24812bb88ca7c88144814233a1d6f78e,1,a1f7dace2a9af48dd48428c12001dc09,52f9db5cfb423382a2fa5c9e39303202,2018-01-19 21:51:27,47.59,15.1
e70079a333e4ddca8787daf05873a6dc,1,630e1e89b84dc36567deec47c7e373b1,dc8798cbf453b7e0f98745e396cc5616,2017-08-17 11:23:56,64.9,7.78
320e6748fc08ae549af6b07874fe6149,1,2d2fbde9939c282238dc0847b04c5018,ce27a3cc3c8cc1ea79d11e561e9bebb6,2017-05-22 14:55:13,52.0,14.1
ee8eb8b78945c68960a7c42e6211365b,2,8ed094bfe076c568f6bb10feada3f75d,7c67e1448b00f6e969d365cea6b010ab,2017-11-08 17:36:02,196.99,31.68
582037320d4b45790340d0ceedac58a3,1,a62e25e09e05e6faf31d90c6ec1aa3d1,634964b17796e64304cadf1ad3050fb7,2018-03-14 16:55:51,105.0,16.7
633dd5a92f78d119e8d78b055c418fcd,2,8efa775719397f78f79c8e5c7b0afbd4,bd4889b5e9133b35b66e42a8665cea5c,2017-12-22 12:10:28,77.0,27.08
a4486566a4fefd15e310cdd38490bd05,1,9a8aca8148bad37bbe7baf1f0564472d,0241d4d5d36f10f80c644447315af0bd,2018-06-25 22:35:19,129.9,27.21
5795641bab8a44216bb7f551187af034,1,97db532f755c1c66eab401e27f687295,9c0e69c7bf2619675bbadf47b43f655a,2018-01-11 15:54:24,199.9,17.16
39b203e1add14efaa6f3dc4b38daa49b,1,1d7f26f5a811fa26335fcf8ba11b9f77,93dc87703c046b603023e75222018b45,2018-05-31 16:53:39,179.0,19.13
c21f62eab437a5529f7dd3076e7da0e4,1,2e511b5741ab14e7f5294df6f1310b03,0b90b6df587eb83608a64ea8b390cf07,2018-02-08 16:55:53,128.0,42.93
9bc75a6264272c1cb4cffbd286cf39e4,1,b813c88d024da60c2cbdf7a531e4fa77,fe2032dab1a61af8794248c8196565c9,2018-01-25 00:18:03,179.0,16.01
d5b01c154bfa35f8f18cf115336714f4,1,fe077ec80df6b4ee60bb4498d5ab1962,87142160b41353c4e5fca2360caf6f92,2018-06-21 13:57:23,135.0,16.05
3ff7c1060eb0e7df8516ff9025461875,1,968811b51a38b97a73d9fdf59face469,f266295f49a28eee21f413e0cbb0521d,2017-11-16 22:35:28,89.9,18.2
72c53c1fb781f7736972c1a877a90b46,1,86b8032cbb666ec9ca1f2aa4d4cace06,dee656f0f566ed1aa85bd137c943f08f,2017-11-09 18:50:42,59.9,15.17
61e268eee1d131498001b6121895c5ee,1,2ff17002562478fb03cd44f09e7ca51a,fa1c13f2614d7b5c4749cbc52fecda94,2017-12-26 02:50:42,227.8,18.03
c349154248a3236a01cba7d40dbef250,1,53759a2ecddad2bb87a079a1f1519f73,1f50f920176fa81dab994f9023523100,2017-12-11 04:13:54,59.0,19.65
da0f19a3cdfb165aec35e395bf5406ea,1,422879e10f46682990de24d770e7f83d,1f50f920176fa81dab994f9023523100,2018-04-23 19:15:32,53.9,0.0
9b871ac52352fe5c58010cad01550b6c,1,bb50f2e236e5eea0100680137654686c,f7ba60f8c3f99e7ee4042fdef03b70c4,2018-08-08 09:50:24,330.0,10.47
1fbb942ec531150b361e6042285004f3,1,9b7d6830b132073397821e52d0e66294,b4ffb71f0cb1b1c3d63fad021ecf93e1,2018-04-12 22:30:23,28.8,18.23
f85b51024ff548e07b08c7cedcd1a0e1,1,af51d485dc5255ba2e18b21b550156e6,5dceca129747e92ff8ef7a997dc4f8ca,2017-03-30 14:42:43,249.99,44.55
1e7058a9b831d3c87467082f9d306253,1,66a0a6e02b7f543e5b021ce361f267d4,7a67c85e85bb2ce8582c35f2203ad736,2018-02-19 19:35:23,139.99,17.23
4418e54649d925fb8532ff8d11bcea61,1,c7aa6e6a39fc78bf4285e9ec06823bd4,99a54764c341d5dc80b4a8fac4eba3fb,2018-08-02 16:50:13,8.0,8.29
e145c6c37dcc3fca500f3002c65e5e6c,1,ff817f0901191fbe02933928daa95e6e,7142540dd4c91e2237acb7e911c4eba2,2018-02-22 11:26:51,89.9,29.03
04c1e5f3771cb0ccfdb672669807401b,1,a3e8ee20df0f969f2cb0c5ba01e1c40a,86ccac0b835037332a596a33b6949ee1,2017-09-21 20:24:03,898.9,38.74
9cf6e3606af3b114428d4fed81663328,1,7340a3839a1de1e99d149b8cf052a2ec,4a3ca9315b744ce9f8e9374361493884,2017-10-06 18:14:19,69.9,12.83
155ef0fdd47407446e4fd43d34997bbb,1,73bc42701d50d3c0673b38ea8fbe2e32,7c67e1448b00f6e969d365cea6b010ab,2018-08-08 15:45:20,249.0,33.53
4458b3efa2a267c37c8851684ce7309a,1,36fc6e3cc37a14037506dde26d4e8655,8b321bb669392f5163d04c59e235e066,2017-12-07 13:09:56,9.5,15.1
9e8c40945ca99090d64646771fb19a6d,1,16b36661fe58157f31bb0c63492d5878,83deb69e889cf80f82be1dc6d5f2d486,2018-01-05 14:11:23,177.9,16.0
023efd060c082063e299dc77891ea1b7,1,eae99ba0d11a9e56ddc878519bdb33b1,2aa3443d7bf9d9bb11133f420d75e083,2017-11-21 02:46:13,48.9,7.94
b614e97e742badfa8faff319efd171eb,1,ec2d43cc59763ec91694573b31f1c29a,1c129092bf23f28a5930387c980c0dfc,2017-10-06 20:35:35,45.9,16.11
8fba9dc7c5f7b23ea9de62eba08dcfdf,1,b7a812ed1b86b3b00e566dc29ba7ec7c,640e21a7d01df7614a3b4923e990d40c,2018-06-08 20:30:47,26.4,12.79
f37d724af2a6e8663e5de52bc2f7acc3,2,99a4788cb24856965c36a24e339b6058,4a3ca9315b744ce9f8e9374361493884,2017-06-02 15:15:16,89.9,15.38
ad8ba259cbff3b36ec0a6c88e0d78443,1,c862d801c5bf9b08e1bde0e3801199ed,6d66611d7c44cc30ce351abc49a68421,2018-08-31 11:55:18,35.9,14.56
673f22f1a5f0f4bc22143d42b7c60fbb,1,6c712952b8ef62f8d06a0314917400c8,04aba03279157f6d4e0fe8ccaf21963c,2017-10-26 17:35:13,118.0,14.42
c785675f92b03bbf76fbbcbf2acfe7da,1,bf5f81431577de43f0cb0864d45f835f,7813ea3ebd9411dc600b4dd01f7a97b9,2018-06-15 13:17:57,305.9,21.11
26ac15c4f69145c3a0ce4f2ebccd2a84,1,4c2394abfbac7ff59ec7a420918562fa,cc419e0650a3c5ba77189a1882b7556a,2017-12-01 00:33:26,84.99,27.13
0f597abb3c3850157138723eceba3f1c,1,e6c30d6c9696ee10542e7e25dcdffa92,1127b7f2594683f2510f1c2c834a486b,2018-03-21 21:48:52,89.21,20.67
f7380d2ae6b2e130f6b1bb997ff1194a,1,d01019ebab9a3f583fd32785518d8704,575df70bde3f9f2b30bf8d2e9910d725,2018-01-24 20:49:54,165.9,12.37
6d335a14529f4ffa4219793d5b5a9772,1,13fd915e499b787f1f4c9dbb231d0d4c,b499c00f28f4b7069ff6550af8c1348a,2018-02-22 12:50:33,29.99,15.1
72c6c412519423a1a046bd52a9db5560,1,03137dc3af3dc8138e070c4536407618,0bae85eb84b9fb3bd773911e89288d54,2018-01-11 11:07:41,107.85,19.99
3b73bd0a67b08e5d8441574de9aae345,1,b192be433004cc1f10b467c0e9ea309b,de722cd6dad950a92b7d4f82673f8833,2018-08-21 14:15:23,179.9,15.71
4894ab6596d70a7721324f6ecb314e55,1,b944a925e8a27be5de9850445766deb1,7e93a43ef30c4f03f38b393420bc753a,2017-05-18 16:10:16,239.0,16.43
ffbcdac3da2c2f23b699666818b0d38c,1,cce55549bb816a12eba7ddfd637a961d,6560211a19b47992c3666cc44a7e94c0,2018-06-21 18:56:49,78.0,18.65
907b36ec45e03307bb335fc31304b66d,1,63de2743d05ab59d85caa49e49459ac1,cbd996ad3c1b7dc71fd0e5f5df9087e2,2017-05-26 15:02:34,19.9,15.1
0b7acd2a88da22f2cf5365bff495f1e6,2,169e1fedd1319ca92e90e057e7123005,e9779976487b77c6d4ac45f75ec7afe9,2018-03-13 19:49:33,69.49,13.85
52ae37876584cb6e2cf3848e834516e9,1,8c4dc358af6e14174f2114be62c18f37,213b25e6f54661939f11710a6fddb871,2018-01-26 14:14:20,39.9,15.1
59f57538f2bcce08e3c18db962cfee83,1,a55b9bc476c34d53d8f3f27c922f6374,6b243f80ed07b10f0e8aa0f21a205f3c,2018-05-28 23:30:54,124.9,18.45
9e7752c172e3994115a2cd609a18de29,1,bc4cd4da98dd128c39bf0b8c2674032f,53243585a1d6dc2643021fd1853d8905,2017-09-11 14:43:48,1299.9,38.51
0f463923e58ae2578bc70e3083b98e93,1,eba7488e1c67729f045ab43fac426f2e,620c87c171fb2a6dd6e8bb4dec959fc6,2017-03-28 11:05:06,198.9,18.82
d93ef0caa7a160caec60b4d6833415a6,2,98ae511715bfce7d97ef0ff1859ad05f,973f21788dfab357250f69a8dcb7ddee,2018-06-29 16:38:27,45.0,23.31
10bc94fc052750e8053c44b8a0cdab8d,1,6cdd53843498f92890544667809f1595,ccc4bbb5f32a6ab2b7066a4130f114e3,2017-12-20 13:50:16,349.9,22.85
e8bf6d7173ae20431feec1819bb00fec,3,87cb507e0daa37bbf34956fd59eba832,6560211a19b47992c3666cc44a7e94c0,2017-07-21 15:45:11,29.0,7.78
927a7c08b956e780d1a418ec9b5b1551,1,44231a850e5be11ed6374fab222ff49f,04308b1ee57b6625f47df1d56f00eedf,2018-08-20 08:50:26,527.9,21.8
d2233ae03525c5a589881557eee7640f,1,b802f976da6557a6c3354618c2056d18,6edacfd9f9074789dad6d62ba7950b9c,2017-05-26 15:55:24,42.9,8.72
019440e41e276668d99d996d5d1a22c1,1,26c3ead5dff3d8e393e5331273f4e91a,897060da8b9a21f655304d50fd935913,2018-06-22 02:31:16,44.0,12.97
56662456107b37b658f65eb5b1aeb992,1,51c37059384184b7c3db494071352b86,a2e874074c877c5a05abae80ad6e488f,2018-02-20 01:37:31,335.21,42.34
2f4811e66be7f928c63acd083f0e0095,1,44a34214a57dc373dcd80f54c919d006,7008613ea464bad5cb9b83456e1e6a8f,2018-01-09 11:58:26,29.5,17.92
79b7eb93349ff756b079e5cb0195cd1f,1,e53e557d5a159f5aa2c5e995dfdf244b,88460e8ebdecbfecb5f9601833981930,2018-02-20 19:30:24,74.9,12.65
048297b4e795502db60be292e12dd390,1,3fdb534dccf5bc9ab0406944b913787d,270d3ef21830ad0ecf3a6c53d08a533a,2018-03-30 04:08:31,25.0,13.71
7bcd0046dcddeefcc87ed07ba748966b,1,b5e13c9a353102f79c6206ff5cb61a50,a49928bcdf77c55c6d6e05e09a9b4ca5,2018-03-05 15:55:26,89.9,11.83
9781e29fd25f44bdbbace82bef3dcd8d,1,42a2c92a0979a949ca4ea89ec5c7b934,813348c996469b40f2e028d5429d3495,2017-07-03 11:45:43,59.9,14.13
d5499e385aef94ea76d2ea5e6a73e60a,1,f39235c3486cd7ead746fc048475495c,e49c26c3edfa46d227d5121a6b6e4d37,2017-02-26 17:38:51,55.9,24.88
caff85e7dc33e7dad852a50bb19bba72,2,f1c7f353075ce59d8a6f3cf58f419c9c,37be5a7c751166fbc5f8ccba4119e043,2017-09-25 17:44:27,157.0,21.94
1c4bd62e77652a8a266a0b0f1b49b0da,1,225f4fe326aa42f164181adc215bcd09,562fc2f2c2863ab7e79a9e4388a58a14,2018-06-26 12:20:32,48.99,51.06
c745e617482a01d21b32bca11a598621,1,73a7fbf8c1048131f3b531af31bcdf0e,8d956fec2e4337affcb520f56fd8cbfd,2018-05-24 23:17:50,50.95,15.24
15c678abbfb30046bbc527e08721f88a,1,4af813a3e5bc89370ef80fe126542076,46dc3b2cc0980fb8ec44634e21d2718e,2017-05-04 13:23:46,479.99,64.0
fac0d9ee548e947e642b27cea75c2dfe,1,731599825523e54feea5f4678ca8f54f,de23c3b98a88888289c6f5cc1209054a,2017-10-17 16:49:13,59.99,9.34
7dcb3c2cc15f5bcb73f79ee65a917b0f,2,c6dd917a0be2a704582055949915ab32,7a67c85e85bb2ce8582c35f2203ad736,2017-08-08 02:56:03,99.99,10.38
33bb5c9c0285bb31b6c9cab48da62224,1,28f71b48a5f99f0bcf4642ae10352557,7e93a43ef30c4f03f38b393420bc753a,2018-01-11 09:36:25,173.99,16.66
7bd8ba9173b2711c20c903a39e9507dd,1,f2399cabe080029634d12cec4f60dbf0,b8555308bfdb4ca1ed54325a58da9a97,2018-03-06 17:15:35,94.9,21.15
0a45ff140fcaf02e1b09ca845b0ebb13,1,629e019a6f298a83aeecc7877964f935,c003204e1ab016dfa150abc119207b24,2018-02-08 19:30:20,109.9,14.37
cc378c27f87ead12f2c154eb5fde22d2,1,11875b30b49585209e608f40e8082e65,669ae81880e08f269a64487cfb287169,2017-08-01 12:25:15,65.0,15.2
6007f653ed368c140327fb6e59aa523c,1,eb6511e81e85ff51547765cbc892f094,9f50216bfd01913736a55a11b55ea842,2018-08-21 11:25:11,89.0,13.28
361f034789232a97f47cc1d000c930ae,1,952670bc019a73f0933157ec82ff6e4f,37be5a7c751166fbc5f8ccba4119e043,2017-07-07 17:10:18,205.0,26.27
c67c325777b78917b4b2a84c917d3f0e,1,158102fe543dbaeb84d87811bfe06d0d,002100f778ceb8431b7a1020ff7ab48f,2018-04-12 13:30:16,19.9,12.79
b6760dcf5d7d3ad17b9875eeee6f0752,1,077599a82ee54960bc4f4c941b0d1359,900ba814c251a692506d7834c1218441,2018-08-15 17:55:12,118.44,11.85
a4a7cbfa5424f9c91c94e3483d80f99a,1,072346978ec57ef87579ba2cea7c7030,0aea4c6ae1505b3228ddf3dd7822ee5b,2018-03-08 11:10:37,128.99,34.7
672bd629a3a3fb9f16b9147ce8ccfb69,1,2f0b48ed3b5553d989aed89a6fcd9487,55bb6fe5bebe5012e2d7d9928e1128ff,2018-02-08 00:09:47,278.0,19.84
00ab3a43bda739029ffce95d3b2fb56c,1,634256dbcd184b3757ffd7632c9fe52a,42b729f859728f5079499127a9c2ef37,2018-08-14 02:50:31,27.9,7.46
e67aba456e4119812662af5c37e7b945,1,81e32892fb8587aa24b175d42bb6bfcc,2199e7fe213c16213bf5d6a7eadc9a5d,2017-04-10 12:34:12,157.8,14.87
0629771ee9bc4f49e6d2fb6d637f00a7,1,1acb18fc869c5489d5f76abcd681165e,6d803cb79cc31c41c4c789a75933b3c7,2018-04-20 13:14:23,135.0,15.04
6d3973dc513ec7f3894ef3d39afe52a2,1,e070a61270050c4b1b704300f331cca6,66922902710d126a0e7d26b0e3805106,2018-06-21 04:16:48,69.9,15.56
5aa551497a6e4522899b4a89a3eeff5f,1,f35927953ed82e19d06ad3aac2f06353,669ae81880e08f269a64487cfb287169,2017-03-15 22:49:47,115.0,21.26
b9b51e569a2e79970555eb81107eb369,1,880be32f4db1d9f6e2bec38fb6ac23ab,fa40cc5b934574b62717c68f3d678b6d,2017-01-26 17:27:57,42.99,14.52
549fcae8637a343a18425a3706cf8b3f,1,bfc0d01be79d9038c7720f983bf954e0,634964b17796e64304cadf1ad3050fb7,2018-03-15 10:35:40,137.0,7.98
7712b67443279dfd94a4e64f55b624d4,1,765e8c5c6b2f88c6f972334e44113a20,643214e62b870443ccbe55ab29a4dccf,2018-08-15 10:45:14,47.3,15.43
9e929678356c7476ba7a7f94d9715062,1,5328338cfaa16ba10561cd970c73ca11,12b9676b00f60f3b700e83af21824c0e,2018-04-09 22:30:11,199.0,15.11
efc7354b6901a8603031e2dfeb54926d,1,ecf9484703bdfb9cfcc1ac9c2084b567,59b22a78efb79a4797979612b885db36,2018-05-17 09:10:24,265.0,30.8
3443b7575b141322b9be5ea9ba71188c,1,f4041d76285c2a34ad5013e8d287a400,1835b56ce799e6a4dc4eddc053f04066,2018-03-05 03:55:51,39.99,11.85
a7d6661622ba254f0be9fa2c51d97253,1,f5eeb0828b6adcc6d7a313db480a9037,0432ead42b6c8a0bdf68154add917fdf,2018-02-07 08:51:27,79.9,7.81
7b498f4d63d591df8f2b0c675464a255,1,b1ff030591e1d0e0069e54d11c5c21d5,9c54608f0996c32ae4743089d915f845,2018-07-15 22:05:22,79.9,62.81
3ffa9e029879039a01783bc81c868df1,1,64fb13596caf118c438edc5c6ed2d50a,88460e8ebdecbfecb5f9601833981930,2018-04-23 17:50:47,74.9,22.23
