review_id,order_id,review_score,review_comment_title,review_comment_message,review_creation_date,review_answer_timestamp
406e32984dd5273582105460a79571af,e00ed9d20c3479f9f0e9727ca9d60946,5,,,2017-12-22 00:00:00,2017-12-22 21:10:19
3bca8d9922bed47eb96f23d121945290,3b5351f5f99b46339212291661a9d226,5,,Cumpriu o acordado!,2018-04-10 00:00:00,2018-04-13 01:57:05
65895b807ac5dfe062c82400b3f210b8,f395e98fb5c1c6ce1306e80de2fe125b,4,,,2017-04-20 00:00:00,2017-04-21 11:31:32
2a6faa65a6e893105c60b1018d40e14a,57899333b5e286632bd2599d3f7864ce,5,,,2018-04-06 00:00:00,2018-04-07 00:34:14
a738aa683a09dc5979abc7d9c2cc8029,0cc76fbe09687fda664178e9fc6c404f,5,,,2018-01-07 00:00:00,2018-01-08 13:48:20
3848b75c5bfe221557d5a85708d9c906,179643231d5131dc81e54ce16437972f,1,,"Meu produto não foi entregue, sem me da nenhuma informação. Cancelaram meu pedido sem me informar de nada.Nao gostei",2017-04-09 00:00:00,2017-04-09 10:12:21
c6d0849be662cd05ce34e0f885ac7135,c03349d196d2c2e31e41e29d06396cbf,5,,,2017-09-23 00:00:00,2017-09-25 18:42:03
755df8bd9de2206b647e2b1f64be8d13,b1746c7d13f52567b4cd6710249240c9,5,,material excelente alticima qulidade otimo,2017-07-19 00:00:00,2017-07-20 10:57:59
6bd75b3bd8efb88e88d205c1add1f51e,5347a7f07b3387d2dd23be64b9ceea32,3,parcial,Entregas separadas...ainda não chegou todo o pedido,2018-06-03 00:00:00,2018-06-04 10:14:58
dec5976bdb0c01b5ee70db58841558b4,94a280e9178a824b49777271fdf8e5cc,5,,,2018-06-27 00:00:00,2018-06-28 10:21:21
18f6814cf582ad4d011cdc33bf0ed162,427d1fd357bbc9330885c3e8f1c85325,1,,,2017-06-27 00:00:00,2017-06-29 23:17:10
1aaccb84a4591894bdc40d72bb30880b,8f1081aa8dd337d944a4f2eddb4671ab,5,,"Veio tranquilo, dentro do prazo. Recomendo",2018-02-27 00:00:00,2018-03-01 14:55:39
4191f889dcecfb068552ca5299e7e94b,a46a206fc9bc06abda01c55cfc97117d,5,,,2017-08-10 00:00:00,2017-08-12 02:34:34
b99f5a43fc7f3cac834bf173108785f6,62a56f9bfe98de42bcdbe6cc57284dfb,5,,,2018-08-19 00:00:00,2018-09-24 12:37:48
96944132792714de91e891abb833f362,ae035e1469cb0bf0ca6cd2a459277b9b,4,,,2018-01-10 00:00:00,2018-01-15 12:32:48
60afe2ce881d803e1240f8f80feefab7,d5ae5d1e79f681da04dec1b4274a0f6f,5,,...,2018-04-08 00:00:00,2018-04-09 23:30:38
ed926cb1605cf4e673122f8da5b661a6,a9b90916ddc087b5ba5b9168b82e3d7d,5,,EXCELENTE!!!,2017-07-14 00:00:00,2017-07-18 12:52:53
e3667f4ac92a9eef76efb807859e8d2f,ef9f995bbc827989f4c21bb6fcf93f77,5,,gostei muito de compra nessa loja recomendo com certa..,2017-10-07 00:00:00,2017-10-10 21:08:21
297851a8a2a2b784b9bcadac512ecc99,2f79cd5d683bb9ec2efa2f436a05bc46,5,,Recebi o produto antes do prazo de entrega e em perfeitas condições. ,2018-04-24 00:00:00,2018-04-24 21:22:55
ef2ae354ddc887baeb9f400ac05f260f,00bdebefeb760588a3425fad9dfed3d9,5,,,2018-03-15 00:00:00,2018-03-16 13:13:19
1a6210951d47ea8df2b638a86e8cb662,ecd6c4b673e81e3ba899f65b2135ce70,5,,sem comentarios lannister uma das melhores lojas da internet,2017-08-26 00:00:00,2017-08-30 01:12:47
344872ed2060e50fad79795b9f2bba9b,aad1f17a009853a69d204e2c5e58a11c,5,Otimo,Otimo,2018-04-28 00:00:00,2018-05-01 02:18:13
3866408599a9dec6a8b24370fbc9c98d,29a5e96ed1133228a266d52f12bcba32,5,,,2017-09-15 00:00:00,2017-09-23 20:44:28
fccb4d15aa534f8c4afe0f77f8f25629,7a19a03fa5f748e858559ddde2408f4d,5,,,2017-09-23 00:00:00,2017-09-23 18:32:24
a1721ddf023856136fe88060f37c3f0e,ca8862808b07015785a10db067bb138b,2,,,2018-03-11 00:00:00,2018-03-11 21:00:11
b57d7ab8c266fd1a8a4be3e07c410633,aa3babada56030c2ad79976c60d51e79,5,Super recomendo,"Excelente serviço! Recomendo!
",2018-06-08 00:00:00,2018-06-14 20:31:56
2b77305b6ad3a4e1441edd1ce92a7092,912806f58b85a8b3b9a57757227c9a36,1,,"Até momento, não recebi informações de produto.
",2018-01-24 00:00:00,2018-01-24 21:27:50
7cf91d37c4b71dcb2fcd2c8e93ec6a53,63bb3cc42964994be6481295c706c8f4,5,,,2017-12-22 00:00:00,2017-12-22 20:11:55
fd173102a696ddc1fa90fd738ec7b5bf,3c13a632eab1c856909bc8733878cf8f,4,,,2018-06-26 00:00:00,2018-06-27 21:58:51
7fb55cf4e12cdf1c196908443a867d44,453c644fedbe45275213438c93f3d0ce,5,,,2017-09-12 00:00:00,2017-09-13 14:45:42
38a3033c2b361c31d91d04d30073354e,74f9ee0e66467cc93728042775469e4e,5,,,2017-12-31 00:00:00,2018-01-02 09:17:42
59f32497d2653db9469411b48d4a62c3,99e1d586758dee362e01030739d3d87a,4,,,2018-04-11 00:00:00,2018-04-19 16:44:48
40bb722a8b4a84fae3d5d45dfe0fa631,81dec63f48ee4e24401d392921393ab3,5,,,2017-12-16 00:00:00,2017-12-18 11:23:11
ccf8cb02ddcb90621b138b839a7a131a,a15cd71dd4db516dde35ccc4ca07c3e3,4,,,2017-07-27 00:00:00,2017-07-30 17:10:31
dcf4db11d7d71563687e32adafa99632,f47e4063d6bc1a7b8ae44e93faa70fc1,5,,,2017-09-22 00:00:00,2017-09-23 10:19:15
3d2eb84738ec67cee204e322b2294ab5,17dd29c2a9196baed66fc07147b4d819,1,,"Quero cancelar esta compra, pois já passou do prazo.",2018-03-21 00:00:00,2018-03-21 14:35:43
01537f6340f89ed116e46b4a4f88204f,3e940e5beb328b427d180e7e8165bafb,5,,"Produto de boa qualidade, loja cumpriu o prazo.. recomendo ",2018-04-10 00:00:00,2018-04-10 21:48:50
966f6cfaa586d5f69bd81911ea671d5e,88bfffb703ac4ca796838e203eb033b2,1,,todos os outros produtos foram entregues no prazo. Porém esse está em atraso e tenho evento no dia 25/04 e estou contando com o material,2018-04-18 00:00:00,2018-04-18 12:32:36
4c6fecfa493344fa59d27a8cd78ee145,e7e4ea34d176d9efab560f0db16925fb,2,,,2017-12-19 00:00:00,2017-12-19 08:40:41
04323bc37f851b35eacd18ae256bf98c,5207664bb97d53e5e9cdfd0163380e2f,1,,O teclado não foi entregue ainda ,2017-04-20 00:00:00,2017-04-20 23:36:41
e5571c711e60f385819dbe777d237655,aeefcf3435f9cc6db2c0b8019f17ca7f,5,,,2018-03-28 00:00:00,2018-04-03 13:35:02
705cae4a8ed5d74f53ec38e3ea115c17,c4ae7b6961af19604f1a9d8313f5a4c0,5,,,2018-07-21 00:00:00,2018-07-24 00:51:53
64e01e15c2c49480f8b7114db0b9f6ab,59edcce6e0c1bcbf94a3c4bc23950e6b,4,,,2017-08-25 00:00:00,2017-08-27 16:49:40
6666d0fe60543025207c2b0abd2f8b71,61845fa79785f181ff99f39e39f40740,5,,,2017-11-09 00:00:00,2017-11-12 00:01:42
3d1ed46f81b19ff0f048c66d5dfc07f0,334decd7ef04da2ca241d7d049383f5c,4,,"Chegou no prazo, mercadoria muito boa...",2017-06-09 00:00:00,2017-06-11 00:12:42
a2d9740e18772ccdb88bb06cb82f13c2,03ad48120321b06697272dfa53deff2b,5,,,2018-08-31 00:00:00,2018-08-31 13:39:36
c8cbb7509c516719ed41a11bf31d757f,7a56ded9b696cca5e892f56f49b1921a,5,,Houve problema com a entrega dos correios não entregou para a pessoa na agência mesmo com o código de rastreio e documento. Informaram que o produto não estava na unidade. ,2018-03-04 00:00:00,2018-03-05 14:00:06
21e4ce44a6330ab828670c0c96f39b16,98d069c561ebb323c7a43ec817b36dd4,5,,Nossa muito bom recebi antes do prazo de entrega adorei bem bonitas as bolsas recomendo ,2017-11-27 00:00:00,2017-11-27 21:14:21
ae8d63d11885edf8dd5ba9c6a1d71da5,8dc1f8d01bc05e44097bac9d9b2f0361,5,,Produto lindo! A entrega veio com 14 dias de antecedência...super recomendo! ,2017-04-05 00:00:00,2017-04-06 13:01:27
7582aadda31581b1033e2df9b420eef5,3e59aa9edece49294543e724d5a16f5f,5,,,2018-08-22 00:00:00,2018-08-23 09:34:37
306898f65876037a9856a06141df2f1b,edd0bd859f89d144f0d026c2e732ccd5,5,Bom ,,2018-04-26 00:00:00,2018-04-27 02:05:23
ed50e2b4f052ff24cec8d6d4c050a5fc,a1165481ec8e2c96688233954c7cfb7b,1,,"Disseram q foi entregue sem sucesso sendo q no dia ninguem tinha saído de casa, eu tive q abrir uma reclamação não loja para o produto ser reenviado.",2017-12-21 00:00:00,2017-12-23 11:15:28
b82140b507a274935cacd94152d2d414,ae60b17185a7a0d74929448e21803329,4,,Chegou antes do prazo previsto. Estou muito satisfeita.,2017-11-23 00:00:00,2017-11-24 11:37:22
1d1fdebc40a3b63e20019af0a10b9e90,a1431d521cd6c63636bd85cdad970498,4,,,2017-02-22 00:00:00,2017-02-25 22:08:15
343577cc36813bd626246a279817c211,d69bbac5aea344d3802887ca05fbf283,5,,,2018-02-20 00:00:00,2018-02-20 23:57:32
53c6ae514fe13658d233ff5009597283,931ca162115da049cd8d7872b3667163,4,,,2018-08-31 00:00:00,2018-09-03 01:14:59
c7c6e8c995ad139d9375b722ff962681,c8b785ff006155b23afd689ffdf7975e,5,ok,produto bom recomendo,2018-05-31 00:00:00,2018-06-01 09:24:54
e13968dc6b6a0cec450f744805187f5d,b1b0b7314cdf43b80c205664d0199dcb,5,,,2017-12-15 00:00:00,2017-12-18 17:33:39
a1b384c4f6f6d393781bc3cea2199c0e,e92035da9ee39562f39f5ac1b0ddf3a1,5,,,2018-04-26 00:00:00,2018-04-26 23:29:26
2fc12d177cbced57004337d2b159cd13,cf824bfb7be97ddda09945f306ce0efb,5,,,2017-08-16 00:00:00,2017-08-16 23:27:12
ec5dba0a09afe05ed9d869613810ddfb,781f0600f5db24d6986577216c1dda05,5,,Mto boa,2017-12-14 00:00:00,2017-12-14 23:50:57
1bf084512b68afa26698692cccc3a4d8,97988325770d5df4030d82fb4580a684,5,,,2018-02-17 00:00:00,2018-02-18 11:17:53
e40402adeb38df8487f8de4bad91cf26,be8b6bb87fabe5bece6e7a3ecc1f1f8d,1,,,2018-04-21 00:00:00,2018-04-21 03:45:39
cef142075735408d5b248b8056baf232,9c3580e890d4e5c7a6f8ca754b9aff45,5,,,2018-08-15 00:00:00,2018-08-16 12:56:15
3175d4531e6d38805c0f48c41c61e5ff,7cf775f7ac856a4e689ffa4affa3a80d,4,,Relógio muito bom.,2017-10-10 00:00:00,2017-10-11 10:31:31
84762a8413d2e8afa028fc922c466bb8,71385d0c646fbc757cfd07df085986d7,1,,"Não recebi, tive que buscar no correio, por alegação de tentativa de entrega sem ninguém em casa, ma é mentira na data alegada tinha gente em casa sim. ",2017-11-25 00:00:00,2017-11-27 23:00:38
fff19821821d48e7477fef5a6d99c6cb,ed60d6a05819396ce59802cc9c78007a,5,,,2017-10-27 00:00:00,2017-10-30 13:30:20
45b074f36ecb0993450752f835a357db,7c825a36c67b324f9bb4107f03c5139d,5,,,2017-10-14 00:00:00,2017-10-16 10:38:04
853819599f18f41524b2dfdad56fdd7d,43eb55273f90173602132799e81d95e2,3,Bom,,2018-08-24 00:00:00,2018-08-28 13:19:47
e6af7accdd5ee548d1ee9d13ba0798f5,e257fe6c043babc3b737247f4f2a88c9,5,,,2017-12-19 00:00:00,2017-12-20 10:51:29
5b849eaf238a32c62cce7e5afcfda416,9a96cb87afd1a52ed560f0dba3de63ef,4,,,2018-06-06 00:00:00,2018-06-11 23:48:44
addb9327198996e73e45a0402f61b6f8,53e73aeaae3e1e18a47d623632bd11c8,3,,OK,2018-02-28 00:00:00,2018-03-02 00:56:00
d81252173691da815176c1ccd9217b49,a66a3c75736a9fa41b2e36a663a42c56,5,,,2018-06-28 00:00:00,2018-06-28 18:03:03
01cdbf5c9237ec70ad864a6403cabdc1,dbc94ce4ff22c2daba89640dacc43949,5,,,2018-05-03 00:00:00,2018-05-06 00:13:26
7c0017fab0bee825e185e8f1f619b6e0,1104851f6f6ff9451fdd8e8b980e18bd,5,,,2018-04-17 00:00:00,2018-04-18 10:20:23
b625a9bec7b4bea9eb8df3392247eed3,e893f8f38397c526df32b5b1add8fda5,5,Relógio Casio,Tudo conforme a compra realizada.,2018-05-17 00:00:00,2018-05-20 23:12:40
b609c6f49882d374c0ac3c90ab2ff3d9,5f134bb3f194debb9b0fe39ca07f2b41,4,,,2017-11-02 00:00:00,2017-11-02 20:34:53
db0bc06d9ab9df16b75a1ea07bb63c77,dbbe1b2ff4094c09c4a05b045b71e81b,5,,,2018-08-10 00:00:00,2018-08-12 20:31:31
78c562ff2340f97db03c54ce669ad255,01d80471e02a3ba49c8e1d0abc2c1a64,5,,,2017-05-17 00:00:00,2017-05-18 01:10:17
3311a20995d9f17e305b7f4c4a667a8f,4211e9c52967c6118ba50e4efde875a5,5,,,2018-02-02 00:00:00,2018-02-03 08:22:41
e06839215f5aba54329d6b0d44dce060,0c7f49fc339a1aa66222dc4af4eeafd7,5,,Eu esperava q o produto fosse um pouco melhor.,2017-07-18 00:00:00,2017-07-18 15:44:38
462305393581bbb206458b4591950ce9,d6f9e75b25f4d86db87bf9c7e6d14a4b,1,,Péssimo serviço ,2017-07-27 00:00:00,2017-07-27 13:40:45
36745eb9a4f4c73bf3b3d96259d11296,b41697d4dc1b083c1d853b7677453fc5,5,,,2018-03-17 00:00:00,2018-03-17 10:59:58
c35f133e7ff47c10f897c56fee85aef1,4319e802aaabad931ad3a44bd949720d,4,,,2017-12-09 00:00:00,2017-12-10 21:35:26
b26ee2fb0508f33300e01148962f812e,0c8813b39ba09cc6fadb5ce2c80671fb,4,,,2018-04-18 00:00:00,2018-04-18 22:44:44
7b8c7fb7d35f97a22cfa2bfc5f770353,f7ba0ab952e0165fed5ffae1ffff6627,5,Tudo certo,Recomendo.,2018-05-04 00:00:00,2018-05-04 21:18:08
84d7ae0916a62ba0ece6c859d0db4040,6cdb9b31878fbe99cbad7cde30306101,5,,Acredito q seja bom . gosto muito de genacol . já tomava os comprimidos ,2017-04-19 00:00:00,2017-04-19 22:08:39
8bc9fb295d745a41d21ce576d5cd3a9a,d61e579dc82353a7160f9fc870376460,5,recomendo,produto entregue dentro do prazo e de acordo com o escolhido.,2018-08-17 00:00:00,2018-08-24 00:07:16
9161d2fcfa21ecbd43e1ad1a0c2caed6,bed5dfd1b6d819c52dbcf83071564974,4,,,2017-12-21 00:00:00,2017-12-22 00:14:05
9249dbcae1db6ede3dcbe41e17e54967,2fbb05b3ee700e1897b9fa501e416005,5,,Produto entregue dentro do prazo . Gostei muito.,2016-10-26 00:00:00,2016-10-27 12:55:27
e3af8a75276702c19d1ac8d157630439,c9a4157fc325f9df022d812f02226d85,2,falta de contato de tel,não consigo nunca falar com as lojas lannister,2018-06-08 00:00:00,2018-06-10 14:44:44
682869a4afdd34b2dd01787c41c37317,ea2f3998dc7f04567c3addb938e148f2,3,Capinha Simples ,"Película boa material, parace se boa qualidade, vou testar se for boa mesmo vou mudar minha opinião, Mais boa pra quem proteger seu dispositivo.",2018-07-11 00:00:00,2018-07-12 01:03:45
e4424e2f6c43bde9b861e9b8fe85df1f,429c8e72bb984330b65c6050435242d1,4,,,2018-04-19 00:00:00,2018-04-22 11:06:53
d8b393d142adc22e494148b8d0c87c74,f83d61ff63b249ebaf932dc3e7e2532a,4,super recomendado,muito bom ....,2018-06-29 00:00:00,2018-06-29 21:34:20
7507e00c35fde554593a2bfb78186b68,1a0ce44b1b78ab7a0abb0bdf7062b2c4,5,,,2018-05-04 00:00:00,2018-05-05 18:27:01
f7d0063a8e806c6d0617f9adda36fe23,a8f8f03d4c94b67001e0f1e242ec1679,4,,,2017-11-02 00:00:00,2017-11-02 21:12:07
4d37fcc55e6076a3aaa98889c02cb797,51e8e9b5d80b938a3268cdffe95a59dc,4,,,2018-04-04 00:00:00,2018-04-04 22:31:47
103d5f7d6a3cfaf7419756bbd65e11b3,a9047d80280890b3b79607250042dc95,1,,"Caixa amassada e rasgada, e ainda não entregaram na minha residência, a encomenda foi enviada para que a retirada fosse pessoal nos correios.",2017-07-01 00:00:00,2017-07-01 20:41:43
87fb6d43599d7f865746d157c3566cd3,e14ffd08eda953986d92a6cf45978ad3,5,,,2018-05-24 00:00:00,2018-05-24 18:58:29
fbbea8d61e03a66ac97a97439b63ba44,b170989c8ac091e327b7ce5b07e72f4d,4,,Site confiável,2017-12-29 00:00:00,2017-12-31 19:30:58
abb8545448d7bbbe1b3c8673f01e4ac6,609fffa13438b14471bd24446e84bf3d,5,,,2018-02-09 00:00:00,2018-02-12 00:01:38
501ce197fff201bdd68f2d02a7f4e50d,d302e003dde44567f42e14c42b2c48be,4,,,2018-01-24 00:00:00,2018-01-26 21:50:45
70001fa6cf08ea62d4a86a545741d562,3e2c9148e8b9cca0ec6d480ee316ecb8,3,,,2018-04-07 00:00:00,2018-04-11 11:14:34
2ffdc44654d2d822a859f4ae2bc78bed,3ecf2d4b66263a92193724b7c6952574,5,,PODERIA TER CHEGADO ANTES !!!,2017-06-29 00:00:00,2017-06-30 12:45:23
9880fb660018c77ef8076e558eeb49a0,e3ad77f2683cf57ced740ece64eea3b7,2,,,2017-08-06 00:00:00,2017-08-09 00:31:37
d2535ca000fa8b36897c83c24b148d16,e75d059453904de3d7f754515669b3e7,5,,,2018-03-27 00:00:00,2018-03-28 11:41:41
937804d7a75c25090020af23e32afe48,a4fa719430167664811c30680941ec40,5,,,2018-08-17 00:00:00,2018-08-19 23:17:40
a4b471528fd2dd31764b0cf7c8fffcc7,3c55e82098814e81a8a9314b9ebd0be4,4,,,2018-06-09 00:00:00,2018-06-15 01:34:05
15107ce1cc8b3221d5d9349547e10a6d,990808a8b1de28a17bec1b873a99bb89,5,,"Adorei esse cubo mágico, fácil manuseio e tamanho ideal. Acho que irei comprar agora o 3x3.",2018-02-23 00:00:00,2018-02-27 18:10:45
a680a3d25f6ed03cb95ee27381b9226a,ded23d37cdcc25b37b4473b7be770cb2,5,Excelente,Adorei,2018-08-08 00:00:00,2018-08-08 15:44:45
e4b8cfadbce878e8a8c10e53305c6903,4e6f08ecede05da4c4e9c73557db14db,4,,,2018-01-26 00:00:00,2018-01-27 00:46:57
e6498e59c9dcdeca29fd8a3f77a49fe5,c8584f2a0bdbf0ac38e859a8f7744039,5,,"Excelente empresa produto entregue corretamente e antes do prazo estabelecido. 
Parabéns pela pontualidade. ",2017-09-06 00:00:00,2017-09-08 15:26:08
c7c22e8cbe8a1fe50c2ff930d1bbf89a,38bec8cea5e040be0ab60e3415a27572,4,,,2018-07-03 00:00:00,2018-07-05 12:44:31
b7a1de28d1001f594fc6a0c05d5018f3,008c3a655c66f4d92370d0d422732f69,4,,,2018-03-10 00:00:00,2018-03-11 15:42:42
4b18ec50ae4017f44f9ebaf6c669bd30,a06cb1b486cee3a35945a90947663f50,5,,,2018-06-07 00:00:00,2018-06-09 22:47:02
e6ac16e46670515369ec6cce613ca3f4,d7ebfa9a59497087b6f2383f00689fcf,5,,,2017-11-15 00:00:00,2017-11-16 13:39:02
4c36d261a36a98c4b322f635c4c370d1,7fbcbe13cc35fceecf99aa3e64d9dea1,1,Produto não entregue,Faz um mês que comprei o produto e o mesmo não foi entregue. Mesmo depois de uma semana após o prazo da entrega.,2018-07-21 00:00:00,2018-07-25 11:20:13
f1b307add820c0166cf932a11702cbc5,53fa1584e9fc3d9b50f19da601874fd5,4,,,2017-09-17 00:00:00,2017-09-19 12:57:02
ef411a4108bca08e8baa4d2283b55945,966f85d6e1a0628e2093a3d24b53805b,5,,"demorou um pouco por causa da greve dos correios acho eu, mais eu recomendaria essa loja sim.",2017-05-10 00:00:00,2017-05-11 10:51:22
dddf7d8e7e2cbec5ea2e5fb6e89950d8,46bdbe48b6f5daa3dcc38e41599d0403,4,,,2018-02-24 00:00:00,2018-02-24 21:41:39
a15cb3518fa4fbd2590fca782f2abe14,cb161f108a2062a82651fe528b39ffa7,5,,,2017-04-18 00:00:00,2017-04-19 16:47:49
f8a6fbcbdb97c985d345046b4c9ad1cb,8b4a1a6f0e8e8695feba49f260195ee8,5,,,2018-03-03 00:00:00,2018-03-03 07:20:18
94616f474f0cb32ea4bdbfc6fb0b0705,d00c0296f63ccdcf9062c425887095e6,5,Moedor de café ,Tudo normal. De acordo com o contratado. ,2018-08-08 00:00:00,2018-08-08 20:09:11
da3a844b69fba6ccd0773ed20cd0c149,5f896884b074055bd2e53b9f46fd3d42,5,,,2018-04-22 00:00:00,2018-04-24 13:12:27
c405ade205e4b7d08ee245d2939eab9a,a6b58794fd2ba533359a76c08df576e3,4,,,2018-05-20 00:00:00,2018-05-21 12:10:08
4cc2020f78c67797ea36fa2e0870ce6f,de94ca254bf9b37529386b685e498cdb,5,,"Entrega super rápida.
Produtos como queria😍",2018-06-22 00:00:00,2018-06-25 02:55:15
63b5472db30a6baeccdd4086129ff63b,937bb835b909258e3fd32898753b0cad,4,,"Infelizmente a pessoa que fez a entrega,muito mal educado. ",2018-05-03 00:00:00,2018-05-03 23:48:12
605de4a3b15729ab8c615c40d74eb194,b3a63aeb668343cbf7b37e72abb932f3,5,,,2017-09-15 00:00:00,2017-09-18 18:16:10
d459bd0019683560673684774a10a912,e4f9f2ec9d36b1dd79294049aa6076c4,5,,,2018-04-12 00:00:00,2018-04-12 22:54:55
ca8f878b4bd938be546071cdd76044c4,f4fdb235ce7c1f7d3eb1b2fdd3a4f610,5,,,2017-11-08 00:00:00,2017-11-08 22:47:19
8a61dd6328aaaf955d36c50ef9038ddd,459753b1d2402ab3f8eab4f908129043,5,,,2017-12-13 00:00:00,2017-12-14 02:04:43
a8f9907f50cdf2d978144644618eb119,fa3564e25054d8ea0e296c7b00233d39,5,,,2018-01-31 00:00:00,2018-02-04 14:47:06
19c0b24090d2c80f10ec9b5953764a5a,c50e269f3f05dc460ee457106f787b7f,5,,,2018-01-04 00:00:00,2018-01-08 09:46:45
7ea2f3375d8288b002992920596e02fb,d59dab0bce1cd6bf2c2252459973397a,5,super recomendo,,2018-07-11 00:00:00,2018-07-11 17:39:19
ea4b6fffceb78df2ee35e458bfbac45d,e8aed7e2732f05f26379ccfdd493be62,5,,,2018-03-30 00:00:00,2018-04-10 18:47:00
f31c3f62ba33afd0bd24f0dc89f889d9,91d9b7669f0960199e5d2e42a11b6b1d,5,Ótimo!!,"Achei ótimo me entregaram dentro do prazo, mas o prazo pode ser menos em outros sites entrega com menos de 7 dias.",2018-05-01 00:00:00,2018-05-02 12:37:02
c7f428807d8a7f93fab6970908c28879,3ed46d0aeda8a091370db112656e55cc,5,,,2018-08-21 00:00:00,2018-08-21 23:13:38
01e916e85a2e7219a8d28ae22e4b3584,83e34d8a4210318b0fd15ce71350db6d,5,,,2017-11-01 00:00:00,2017-11-02 00:25:24
0b595f3e4bf0e06ebbdafd2320330d71,91fedd9854d3837c210542a3d86ddf26,5,,,2018-05-22 00:00:00,2018-05-23 12:25:56
502c36f56069796a9dd3ec4b29a3f96a,4ff30df8edae6cbf204b92a93c0b5e0e,1,,o cabo não funcionou em nenhum dos meus dispositivos mesmo confirmando a compatibilidae,2018-04-04 00:00:00,2018-04-05 03:40:22
8f2ccbac821df642f6183e38bfe1eabc,ee1e5461125181b29a98058b3e16d26a,5,,,2017-10-03 00:00:00,2017-10-05 22:33:24
ed73399a56a5d51f747a532f2178b28a,c713f1fadf9be09f8f37e21eddce6a3f,5,,,2018-08-25 00:00:00,2018-08-25 17:55:52
9a514d33dca7fc5220b041297ac44d2b,026a69b8c98fbfc61de9050c41f1dd95,4,,Muito bom produto entregue antes do prazo e funciona muito bem,2018-03-12 00:00:00,2018-03-12 22:11:30
b02a133493de7b0c283f1fbb8688a4ae,a3870b955884ebd4ac62ddb02b2ff255,1,,"demora muito para entrega do produto. 
Ja comprei outras coisas no site e tudo ja veio mais a comprar dessa vez mais de mes.",2018-07-26 00:00:00,2018-08-07 18:57:43
fb37a1f6f9d72bbd4706ad9332813af7,6f4f578dc1619bddcbc6c56c9502eb74,1,,"Rastreamento: PP 272 681 476 BR
Ainda não chegou na unidade do Correios, em Porto Alegre.",2018-02-18 00:00:00,2018-02-21 16:09:01
d6a5ec076e4c05013876308faf6cdc8b,a3b14686446d3401d67a3421891c34a3,1,,"Total falta de respeito com o consumidor. Além de não realizar a entrega que tinha um prazo enorme, ao longo do período, pedi mais detalhes do status para acompanhar o processo e nunca ligaram.",2018-03-23 00:00:00,2018-03-23 11:08:53
70678fb29fe6b6dbfc67a1ef9ce3e81c,62d9ca533d6de05e39164160d128e37c,4,,Recebi o produto dentro do prazo.,2018-02-28 00:00:00,2018-02-28 09:53:49
8cee1986b6061ae43d92ce878e578623,e3e81ec82803ad01f1d0569485ea0b75,5,,"Parabéns as Lojas lannister . Sempre com bons produtos,ótimo atendimento e entrega rápida",2018-03-03 00:00:00,2018-03-06 01:24:40
d6eb60f70d760fe0ea8b7326d24a9aea,99dc6d9fbacb076c3843ffdc647b3c11,5,,,2018-07-06 00:00:00,2018-07-08 00:56:27
3e57704e2269f867af6a9009379c71fa,d48a999f0dd3cb2fdaf985d4f116e1ec,1,,Não chega no prazo e ainda não dão informações ,2018-04-07 00:00:00,2018-04-07 19:16:50
653d0a270a4d9bdefe658bc4ab60718e,8da6a6d44c21cc0512f5420c3d199733,4,,,2018-01-24 00:00:00,2018-01-24 22:33:39
695606d3fcf68d4735e85698b9344688,5a349f273f2b09f31ea9e761ae655586,1,,"Consumidor lesado, inadmissível uma empresa deste porte comercializar produtos piratas em sua página oficial. Relógio réplica da mais barata. Tomarei medidas cabíveis.",2018-01-13 00:00:00,2018-01-15 02:10:18
009e24bd86b93b700e4eb03f283ad4ba,587379acca182c8e157e4dc7c8923131,5,,,2017-09-03 00:00:00,2017-09-05 20:25:47
5089f788603e653f6d16e8950ee78ce0,5ad4c42b55f95ad02ba670fecbcd0540,5,,,2017-12-02 00:00:00,2017-12-06 01:54:29
73d2d73f76f857a51993c67e9ac795a7,27dfe580597e36bfdb283184aa96a201,5,,,2017-07-01 00:00:00,2017-07-02 21:15:36
e38155b315f9a848d859b698e8de577e,c788aeedf593229d4ee84e790c2e5483,5,,"Muito bom, foi entregue antes do prazo e os produtos de alta qualidade.",2017-03-21 00:00:00,2017-03-25 02:19:36
9a686042d934f1cc395f79c0aec52e8f,867b142c274783a46707af07874ac568,5,,"Excelente loja.
",2017-04-07 00:00:00,2017-04-07 23:46:43
15e284f308e74adf1eb3d8f77c0b6fb8,7e2f2a5cbfc79c127c243f833663d416,4,,,2017-06-28 00:00:00,2017-06-29 12:52:59
51b6e462c5fe0d83fdc8b51b81eb7d95,b7bc29a25d146eb20f8f60d3bfa6996c,5,,,2017-05-18 00:00:00,2017-05-19 12:50:35
2cdc88fc0959912f61389b1a25dab40e,9269ba26ae05fd992bfd357dc3c52e53,5,,,2017-11-25 00:00:00,2017-11-27 15:18:17
a05844bd8a92feb386f0ee5db0167fea,6a6f6e316fbfc5524414489d06c8533c,5,,,2017-12-13 00:00:00,2017-12-14 01:26:00
7411d9369fc6ba19505f31c004d58215,04c5574dca3570ecdde1cf8527993017,1,,"Produto chegou antes da data marcada, mas a qualidade é ruim, impressão falhando. A impressora detetou que o cartucho já foi utilizado.",2018-04-04 00:00:00,2018-04-05 15:55:27
7c9b776d47bc1984465f4db483e028c6,9214a22a09a3f31effc6384f1bd44604,4,,,2018-07-04 00:00:00,2018-07-05 16:22:46
c563f5ffb0f978b97861c6d44e531a7e,882aa4c49d639884a5be99b208d13fe8,5,,,2017-09-13 00:00:00,2017-09-15 20:49:38
2576b78a848a01eb5b5b3c0344fef042,9fafe6b668f5ea28dd3759326d76597a,5,,,2017-12-30 00:00:00,2018-01-01 16:46:15
29fb3aacce77717c3b30d93b6ed72e7d,928c5b1abd62c91a35df8614b271d05e,5,5,Muito bom,2018-08-18 00:00:00,2018-08-21 11:05:34
fb12b2ac3b6f3156a445ba119ab80e87,107184b32040eb4fb9bfad381805d105,5,,,2018-07-13 00:00:00,2018-07-19 12:18:46
7ebcae858c67f3372bf5ea32167f720a,95eff09285b23ea3424139fc2c71c692,5,Excelente,"Entregue muito antes do prazo, 
Excelente",2018-05-10 00:00:00,2018-05-11 00:12:26
bbc9491c6064a6fa8d5667e8a10585ef,457750fb17f45c74af0c5ffa002c294b,4,,,2017-12-10 00:00:00,2017-12-10 11:48:24
c17780536585cf32ec904e3ec3af0cab,b91a17f9c1968b21a333460f687fe2a9,3,,Bom,2017-08-31 00:00:00,2017-09-02 21:48:55
0084ee902f9a4e006a281b644b78cf29,e2329b38dc9971f2fb0f8247bbb641c2,1,,Ate agora comprei o transformador de voltagem 9000 btu nao recebi liguei pra americana a atendente me falou q ia liga pra transportadora e mr retorno em dois dias ja se passaram o prazo .,2017-12-17 00:00:00,2017-12-17 11:26:12
ca101cc85defed21b1ff2e5399cc09e9,ea64e33ee8ce74c882574ddc97a4f10e,5,,,2018-05-24 00:00:00,2018-05-24 23:10:22
d8bd06b96835ea8e964d75a79e050b26,139f560e44636d72034722f833c7fdbc,3,,"Demorou muito a entrega, sendo que o frete foi caríssimo. ",2018-01-09 00:00:00,2018-01-10 11:33:17
9be34edbd1b2918f84d5724e2eaf9f36,09854629eee79bc8d606247198ae822b,1,não recebi o pedido todo,ja enviei mensagem e ate hoje não me responderam . so recebi parte do pedido,2018-05-09 00:00:00,2018-05-11 23:37:44
f016eb1a2e05c0beee4464e12e71964c,b885d5e857bb433aa2d6c530a08e5e44,5,,,2018-04-12 00:00:00,2018-04-13 00:50:12
3c214a4916be92093201a379d708902a,5c52bc8eeaca96c7b9ed2d47db358f43,4,,,2018-08-11 00:00:00,2018-08-13 21:50:53
33c3ea06972db43f8b777184a5cef23e,2758c6bd8a5f63f45b2a790b1b9db766,5,,,2017-06-20 00:00:00,2017-06-22 23:11:14
dea5cf24012bddeb3ed4f2b6f4435a2a,59f740f135c8060f0c211f5ff37a7245,5,,"Satisfeito com o produto.
Muito bom",2018-01-14 00:00:00,2018-01-15 11:29:49
d74048a9b800b38f119f9c4d4c17ff87,b031740afc01ce5052768cd623d5875c,5,,"Muito bom o produto, chegou rapidamente!!",2017-09-02 00:00:00,2017-09-02 20:34:03
35881e3ae0bd8cbce38bd0eb0ecef5a8,180fb4e6556687774c55bc255a5f7d8a,5,,,2018-08-08 00:00:00,2018-08-09 15:53:10
3c23d2fa4ef171c49894044ffcf62829,a43f64ef96ea58be757bb2afccfd0e4f,5,,Adorei ,2017-05-10 00:00:00,2017-05-14 22:09:49
c5dc468490cd7c32ccfff69efa581755,9ccbbf2108a513e80caafbde31524683,5,,,2018-03-07 00:00:00,2018-03-09 02:42:59
4276cb3d2b2519d9e1d714a9905c58e4,4879204a6b45d7ba10b3d703ba460778,5,,,2018-06-13 00:00:00,2018-06-13 22:16:22
62f4a1f0ed144d2cb182a4924a360264,377627ea55b004e8d55a2af17ba3c0e1,5,Entrega rapida,Entrega rápida como sempre,2018-05-23 00:00:00,2018-05-24 01:31:39
282491bbd940f9418838b8c751833f0e,275c954b14ae960e2f512856c198c8fb,5,,,2017-08-03 00:00:00,2017-08-06 00:01:46
a4740142c7bb1ca054009c86c5788363,12c53179c03899ca06bc5d368995a21f,5,,,2018-03-16 00:00:00,2018-03-16 22:19:05
87ff9c40f84b5694ed3576a5839b33cc,289cbae847c6623b3a488df45f472c66,4,,,2017-10-11 00:00:00,2017-10-23 18:07:07
1bd6a53e3c3382d186f5e9ec3f2d1e77,69e1614e5770f92d02af5b0f875c11b4,5,,,2018-06-27 00:00:00,2018-06-29 10:50:48
9679909703b398a06a973382962cfcfb,fcc5914e9f71ef930cd32cb26b3563c4,2,,"Comprei duas mochilas, a nota fiscal está com dois produtos do que só veio uma mochila. ",2017-12-27 00:00:00,2017-12-27 21:09:18
2159cb152ff5e8ef29d52aa932699f1e,2ecc68b349bb1dbe198e18f315c4889b,1,Não gostei ,,2018-07-11 00:00:00,2018-07-14 03:02:12
3ad650dcbe0dd0a09359cd3f660b7dec,84db939b1ab9686533e9a06a0354beb6,1,atendimento ruim,"a falta de respeito e considderação para com os clientes, essa perceira da das lannister, sempre comprei com as lannister, mais ultimentente não recomendo.
",2018-08-18 00:00:00,2018-09-22 00:53:14
4d7a12c9eff99c68356d6e96f6e3192c,671f3f58a12caea363c9e40989c7d154,5,,Tudo ok com a compra. Chegou antes do prazo.,2018-04-10 00:00:00,2018-04-10 21:03:23
b0cc8cb5ed39885097b188b0d4e58cea,2bcc2646dcca22a1e6da38a7133cc8ed,4,,,2017-11-14 00:00:00,2017-11-17 19:12:00
9d24cc0f680e853ebf91de8d1ae80c4a,0f1657174bf9b83165da972c16b656f5,3,Produto diferente,"Paguei o frete, porém, não vêm em casa o produto, outra coisa a foto do produto foi uma, o que foi entregue foi outro produto. Que por sua vez não veio pronto pra ser usado, tive que cortar pra usar.",2018-04-13 00:00:00,2018-04-30 23:58:58
b16f83a4b8747d3008cfd54e6dec03de,55ef1695189508c09b58080d53d2b32e,4,,,2018-07-11 00:00:00,2018-07-13 12:27:28
d231a47eddc82e39f2b59f7aa7c02ee1,a7052564d616399c2a94709a153c688b,5,,,2018-04-03 00:00:00,2018-04-03 17:24:26
0a53af47c17f5f9f1249b90d4f69d1be,a4291e3f3a5a6350fb7624dc6a892bce,5,,,2018-03-05 00:00:00,2018-03-05 16:55:31
4a812193dda460d6ca601031b16aeafa,5e4c365dd3cf7769a88981f408d069d3,1,,"Acho um absurdo comprar um produto que diz estar disponível e não recebê-lo !!! Verifiquem por favor, pois não é a primeira vez que acontece. Exijo uma resposta convincente!!! Aguardo contato urgente!",2017-12-16 00:00:00,2017-12-16 04:00:34
5ac84bbea956e8539ae66d78fb652d88,7f79833225bf501001f20621188c0849,5,Qualidade,Ótimo produto.,2018-07-05 00:00:00,2018-07-06 00:49:03
d740b30ec7360e6d472cddaf0aab4f36,917971c9015d85949419eee8f288ac07,5,,Produto entregue no prazo é em ótimas condições,2017-12-01 00:00:00,2017-12-11 19:50:15
c7cc62e3838d0f0c6f23807fc17cdced,b5bbf794f21db63d343d4e0ec7f9194a,5,,"Só o correio como sempre me deixou um tempo sem uma posicao do produto, o da lannister chegou direito só faltou plástico bolha pra proteger melhor os produtos",2017-05-05 00:00:00,2017-05-06 05:15:59
9f47b47620392148a6b42f7e9dc6a0de,dc20710a4582a12ed1eb1504bd916272,5,,,2018-04-07 00:00:00,2018-04-10 02:32:42
c712c24c1a5623e575d8e61aa40b7a30,aa0910dcd21e1118e710080991d23e75,5,Bom ,Gostei do produto ??,2018-06-27 00:00:00,2018-06-30 02:42:37
5c695b8751d4c4aeab4f306f2bc6a694,1147614ede9ce51acd3fc449b86114e3,5,,,2018-07-28 00:00:00,2018-07-29 12:08:44
5107c7579a98add24291ec09358c0d1e,feba3a25c875f5f95f3d57f54aaefa10,5,,,2017-04-07 00:00:00,2017-04-09 21:55:11
8020aa7b7dc587ab6356270375e37275,e96f5f77a761f30e086e31502550769a,4,,,2018-01-30 00:00:00,2018-02-02 08:28:38
74ab7ac80dc53c27ed18376a5c877aa2,e2007b2e0b236f254ac322260a2dcb1d,2,,,2017-05-26 00:00:00,2017-05-28 02:10:34
bde2fde57648146f8c926aa4c123bf4d,555e1afa0cf180760b7ea9f6d8ebc329,5,Adesivo otimo,Produto maravilhoso vendedor super rápido super indico,2018-05-05 00:00:00,2018-05-06 21:51:05
2cc37195f30332b22b69e29ea606a601,662157b4251f62efae6f4ff7525c4961,5,,,2017-04-04 00:00:00,2017-04-04 21:18:17
35bba681ee41046167b666347e090f87,50703a5cdfb2b550cebacccaef68c958,5,,,2018-07-29 00:00:00,2018-07-29 19:51:17
c7609bb592bb1e2df76649cf5f0d8843,07172761566bda50929a3b449eae02ee,4,,,2018-03-30 00:00:00,2018-03-31 14:58:39
c9f297251695e196339dd6f0dbb2a43b,f67fabe20644d465a18a73680bc9b341,5,,Muito Boa podemos comprar a vontade que é confiável,2017-06-09 00:00:00,2017-06-10 03:17:50
48d2d8dd0165abc41bf0ed908da2a753,1d6bdccf67319c766b5d8ad06121a158,5,,,2018-01-18 00:00:00,2018-01-19 21:57:42
38a755d2f49fd3ea87c02c1f5b11ce45,3d217b7bcefc3bc37d3fbf5a1b7fc009,4,,,2018-07-13 00:00:00,2018-07-13 12:22:07
a7616032099a84814af0c323f645f739,6164d50a564536f9c8081d0358573bad,5,,,2018-08-15 00:00:00,2018-08-16 17:22:55
5f4b66dd1012fa27ab203890de15ea5e,0ae449254770bfec75a99b8d804e5b10,5,,"Fornecedor responsável,produto bem embalado, entrega rápida. Faz jus a uma boa recomendação!",2017-09-22 00:00:00,2017-09-26 01:42:13
f34ca1e8a41b4123423679c2be1c51fa,16b4ac6ceeaa0dd48fcff2baebee690f,5,,,2017-06-30 00:00:00,2017-07-01 22:00:36
0641436a9623d106942c029b834584e4,de969b697705a8e3239d2f760c644c8a,5,,"Recomendo loja e produto
",2017-04-08 00:00:00,2017-04-11 00:23:33
e6cd89f319b7c69b9b4c6babc632db08,df91fb38017b42722551a94382cb829a,5,,,2018-05-04 00:00:00,2018-05-05 22:45:43
7d10e3abee420593bcbbd6c500817b68,cdb4c1d38fee4e877cf3102aa0c5b814,5,,,2018-05-22 00:00:00,2018-05-23 16:10:40
5c931ece2f95f1ff7c6ba7b6b250b550,db64a5b6724f1501323cc11154cbaf39,3,,,2017-04-06 00:00:00,2017-04-07 01:53:17
39e2b669ceb5241844bcc964919bccb3,d28d530e6f5f2e1fb58e616b097b23b8,5,,,2018-08-14 00:00:00,2018-08-16 20:51:06
394a876797937ab228a0b701b684e3a6,0fcc8a86bc6abccde37d94e2a28f17b9,5,,,2018-08-22 00:00:00,2018-08-23 01:57:20
03264c35060803c5e87b97238b2e9647,d5af3f91478b15918f7250953622d89d,5,,LOJA BEM RECOMEDADA,2018-05-17 00:00:00,2018-05-21 19:01:37
ef65c5d1b47ce8a6b8db2ffc843b7bfb,d32ec519c65a1661bb50020bda09194f,5,,,2018-07-21 00:00:00,2018-07-24 02:17:01
3c232757ecedff78dbfec06efdefa232,62a5349df8243987456fdd17fbe3b823,4,,Comprei pela primeira vez e fiquei satisfeito,2018-03-17 00:00:00,2018-03-18 15:49:43
1a66ced34cfac0caa55ec1bac3226516,3ff5709e1eed2f4bf1cfdccaf65c6337,5,,,2018-03-17 00:00:00,2018-03-20 11:17:47
012239d91e837c7d00ee3eaa19fbf8f3,bdc62a1026f13c8b268f075b88b81a20,5,,,2017-12-09 00:00:00,2017-12-12 17:58:18
ead36e0f00d4eaa43a81ea7accb7ac23,eb6bf171200b90eb73d01a3f2096691a,5,,,2018-05-08 00:00:00,2018-05-10 14:31:35
067d28a343bdca09f17a16bd77ba50c4,4019b970673ea8400df0ad1841bb5a5e,5,,perfeito. original. chegou bem antes do previsto. excelente.,2017-08-12 00:00:00,2017-08-13 09:29:59
916f0b9f84b5f6487331d57d1ffbf326,c8826f96345684006a11c8369cbc3457,3,,,2018-06-15 00:00:00,2018-06-17 21:51:04
bdd2b0409b73c08024690f5b15341a48,8e7c4bc6f83390fd197e3494442f1925,5,,,2018-08-04 00:00:00,2018-08-08 00:07:17
5e710687de9fce8508c69485bd68a23f,78a0b04da4d744a06c4843f76ac5ce8d,5,,"Estão de parabéns... Adorei o produto,e foi entregue no prazo... Super recomendo...",2017-04-12 00:00:00,2017-04-14 13:22:40
9791f0dfe234f14aac2889e246f3b3e7,f3f0bc4d599d1d5251f1b37cec7b407e,4,,"Recomendo , é um bons relógio, mas tinha q ter como desativar o segundo tempo, e no manual tinha q vim explicado pra q serve a função TR, fora isso eu recomendo, foi entregue bem antes do prazo",2017-02-12 00:00:00,2017-02-12 16:36:26
4e44dd381f3c4f7afddacf8b9aa0c47a,12a95a3c06dbaec84bcfb0e2da5d228a,5,,,2017-03-03 00:00:00,2017-03-04 00:06:38
7c211ff3a57b30c52372e9cbcf2960c7,3f1a7cead33aa1b0af3f491ed618c946,3,,,2018-03-27 00:00:00,2018-03-28 09:15:55
956a933d7ebc80fc0af7942ccffbc5d1,4be69a31714c77604076ab0004055c6c,1,,,2018-02-24 00:00:00,2018-02-26 17:06:28
e128c3709dfb7fe87f162f7b34d1cc92,f04e5abb2044dbb28bbdd9aa470e4e8a,5,,,2018-03-16 00:00:00,2018-03-17 02:34:05
69ee18728c863f8d237988b098a461cc,53f47eb788d813aec3149697d6501eb5,3,,não do 5 estrela pois atrasou pedido,2018-03-23 00:00:00,2018-03-23 10:35:06
103670763dad1a1f58fa53c721e34ee1,097941e2db84b005d04de9e867674226,3,,A minha mercadoria não foi entregue. No correio o status está como foi entregue. Foi entregue somente um informativo falando que em breve o produto seria entregue,2017-12-20 00:00:00,2017-12-23 01:34:37
6a5209600c6cb921233801949879112b,b191371f63985b422b67013b16816063,5,,"atendimento ótimo , produto entregue conforme especificações. ",2017-09-07 00:00:00,2017-09-08 13:46:25
b13013b811c2325934e8e049683bdcf2,51725d3e4bdfc97e28b40543310da8a3,1,,"Paguei mais caro e esperei mais tempo pra receber escovas Dourada e Branca...

No fim das contas recebi 2 escovas ROSA.",2016-10-27 00:00:00,2016-10-31 09:55:13
3cbeaec0ae0fc6e10a63abb65ecf6ec2,51177c088b8f453ffbfbbe60aa8a39f3,5,,otimo,2017-05-17 00:00:00,2017-05-18 01:13:26
5f3e9c42fa03c034ba2d5345ffab59e7,0b8f73a9816cb775a1bf1492c3bca4e7,1,,"O produto é totalmente de má qualidade, as ""bolinhas"" são na verdade adesivos de papel, e as latas vem completamente preta por dentro, podiam ser limpas pelo menos.",2017-12-01 00:00:00,2017-12-01 22:33:16
ff06ed88e81f0a31cbfbdd6eca0030b0,e4042b31d83d0e39b199d1c5a0c48615,5,,,2018-01-25 00:00:00,2018-01-27 18:27:17
9281d7c66059facaeb3b70cbc9fcbde6,d5cbbe1602100752cd72f9630321613d,5,,,2018-01-20 00:00:00,2018-01-20 18:49:31
98ed21dd16a95e08241c4bca56bcb9ad,1a0c4417bf4f48e594a23d90d8d7581c,3,recomendo,"a caixa estava meia aberta e a data de garantia que não sei se é a validade está muito proxima 06/2018
",2018-05-01 00:00:00,2018-05-02 14:21:10
046045f9742036ad9b52c19b4e112697,4f9b6a9b3216925859301fc767b0fece,3,,"O produto é muito bom! As cores e a combinação de luzes são muito interessantes! Porém o produto foi entregue com 5 dias de atraso, e a embalagem estava aberta e toda amassada.",2018-04-15 00:00:00,2018-04-23 13:13:40
43d498765d078e2da08553d0ad62f707,52a17b4eb2b183eebabe108b91962001,5,,,2018-02-09 00:00:00,2018-02-11 23:53:26
9f2bee794bb25bcb048763d65b82ba24,cec49c59f35df62326835eea9dbd1457,5,,,2017-10-21 00:00:00,2017-10-24 12:39:43
e94d777953fe008f7a119c88e5c611dc,10f5fe5b5df0a26f8cde1390295fda43,4,,,2018-03-20 00:00:00,2018-03-22 22:19:58
d4421a70f8af59248e3594c29a33284e,0d80282817c88ed77c05a7e4f72dec4f,5,recomendo,recomendo,2018-06-30 00:00:00,2018-07-02 17:08:09
4403b37d780404fe43194d1a339db9a5,fa7c7045419850f12653d3ab75810322,5,,,2017-08-06 00:00:00,2017-08-08 19:12:15
87499d139c6b1f79aff56e8ee60335af,dff79b743bbac91445b8b167b6ae9da5,4,,,2017-07-08 00:00:00,2017-07-10 11:26:21
7b06ae70b57418b90eb3b44780a40bc0,400476a0437490391fa7b509434ccf53,5,,Ótimo produto. Entrega super rápida também. Me entregaram bem antes do prazo estabelecido.,2018-05-11 00:00:00,2018-05-12 11:54:10
aa970cc01bf4815dc6af6698f17a6153,890e7120b669f8e79df87610b80b3b91,5,,,2018-07-06 00:00:00,2018-07-14 12:46:46
dd57284d1219f9d6f60a71d62b35e789,89c0bf5292a493fb2a7aacae2148eeac,4,,,2017-08-22 00:00:00,2017-08-28 00:54:53
161f01713c98308528107791c17bed8f,6d928ae5792f61a71bb3e3e528bf4a28,1,,ESPERO NUNCA MAIS COMPRAR E TER QUE RESPONDER ESSE TIPO DE AVALIAÇÃO,2017-06-04 00:00:00,2017-06-04 12:44:16
e718f6985df10d61a086205b5d547777,64b529353878328be729b0da4b3041bc,3,,,2018-05-29 00:00:00,2018-05-29 21:01:50
c880d338c975388732c92e09f55b08bb,180d9087d153ffddea224f2996463f46,5,,"Feliz com produto com a loja com entrega obrigado e um feliz Natal!!!
",2017-12-15 00:00:00,2017-12-15 23:30:59
8b925ef92d48c9d0114ff75e42f166e0,48d30a78681848a5caa890b0acc9ad72,1,,Um absurdo esse atraso,2018-04-12 00:00:00,2018-04-13 12:32:05
3cc0a60ee35793c4672cfe09d77bfd7d,c6174e20db037528301ee8eaf325a469,5,,,2017-11-17 00:00:00,2017-11-20 11:31:30
81c921d92649048361a350018fa3018b,fa91e7e50fe0b08ee650cfece2a86c22,5,Amanda,,2018-05-05 00:00:00,2018-05-08 02:03:10
1fb50d27d0c438d308097c5a6d4495db,a8c5b9c0a36fb5d42f41d29dc808c0a8,1,Defeito ,A torneira sai pouca água bem pouca aí o jeito foi colocar novamente a minha torneira antiga ,2018-04-27 00:00:00,2018-04-28 10:04:13
3b8c296991a9fac7684bf46e141fab5b,a5a5b331d29606783958e39e046d4024,5,,,2017-10-10 00:00:00,2017-10-14 09:47:31
352bbd4287a2842d324d4f82d573c546,dbc6163631edab2e963462a16fbd7e8d,5,super recomendo,chegou no prazo e era oque eu realmente esperava,2018-07-04 00:00:00,2018-09-14 20:09:05
bf8dad1ed02a48807cbe4027625c5bc8,43bd50a07cc1758b29b32804f1a6d552,1,,"Já recebi diferentes e-mails: confirmação da entrega, dificuldades para confirmar pedido, pedido ainda não confirmado e mais uma vez, de confirmação da entrega. Será que chega?",2017-10-19 00:00:00,2017-10-21 04:21:57
ffb182643040b0513d85c9729c3a97da,226dda5620db063cd962833766480273,4,,O produto foi entregue antes do prazo. E aprovado!,2017-07-29 00:00:00,2017-07-30 03:02:02
9e98484625ab9d49072a184e72bcdb5b,028369515408fa864cfe50091d4e76c5,5,,,2017-09-13 00:00:00,2017-09-14 14:17:23
e5539ea46bbda2003bac00ae42dafdb4,968ba56969b76f24ea8b93d8a5bb768a,3,,,2018-07-25 00:00:00,2018-07-25 09:06:25
938dfcef01921a11f2a9bcff1a390d2e,da1b656d5535a2420f9010ab910d1fa5,4,,,2018-01-18 00:00:00,2018-01-23 12:03:56
cf4f0bae8d49907f5607a6c363debdb0,01b1a7fdae9ad1837d6ab861705a1fa5,3,,,2017-06-23 00:00:00,2017-06-26 11:56:45
3efd5b71137cbbdb21f6f170af367c81,d0e379ef6e0ea864c470893dbd5da4dd,1,,Comprei 02 nichos e só recebi o nicho preto 40x30. Faltou o nicho travertino 60x30. O que aconteceu?,2018-03-17 00:00:00,2018-03-18 10:39:35
941c4b250b5cf58a3a7f1bb995696fd0,46b6b021ac3c927cdf04d4d7533e8759,5,,,2018-02-22 00:00:00,2018-02-24 20:00:39
95afa0d597acfd28fb3eaa97af7836af,fa08d98c3578576e8ab56cb2bf8d94bd,4,,,2018-01-10 00:00:00,2018-01-10 19:26:49
28ea534c5ef2fa3dfa51b7025106ae9a,a3a41920ba74a53e1b606c96bfdd6c23,5,,Muito boa,2018-01-10 00:00:00,2018-01-11 07:52:10
603a767d37dd8c2f5f9784c724c86eac,0c0b20eb744a9c5ec1611dfd81da6165,5,,,2017-06-06 00:00:00,2017-06-06 23:05:00
7996ee5327cdf21f9ceb6f3f103fbcd5,dc49dbbb4fdb62c17557f79ebfed0225,5,,,2018-02-02 00:00:00,2018-02-02 22:16:49
3dbb722725fe77423891a48ebd65a000,a1aa085af097613cc86d6105d15b39f3,5,,,2018-08-30 00:00:00,2018-08-30 20:58:21
c76dd3768de3d46922d58898835a0bb5,a583c2f5d73b6667b92ac37c4d44d4e7,4,,,2018-04-15 00:00:00,2018-04-17 18:58:41
c2eab6d7678dc1519a04b2b067a3f72c,9446587feaf53c5f0050224c099c80e2,1,,Recebi apenas 2 unodades,2018-02-11 00:00:00,2018-02-15 10:44:24
d7735cc2c8e12c9a6f050317378f1dd1,72db4956f094dff247d75dd6735f2400,5,,,2018-02-02 00:00:00,2018-02-03 03:38:31
5f0a913bade2f6fb75ebf789fd9b6dbc,43b9e48ec7fc386f9083ac3153363103,5,,,2018-06-08 00:00:00,2018-06-10 14:30:50
40b0268e71c83a9f7f004d844cee31f8,fb1ede4fdbea07d0b54f55338978e7f8,5,,A capinha é mais fina do que eu esperava. Mas no geral fica bonito no aparelho e ainda protege razoavelmente.,2018-01-10 00:00:00,2018-01-16 18:55:05
02d8f14900523eb1ef5b56607b002b65,29f4481c82fe8804ae3de770fd4012aa,5,Ótimo ,,2018-08-01 00:00:00,2018-08-02 17:57:57
c347795951d736693c35920f9b756c29,6093172628144fc06ee4548601a91c65,1,,Só gostaria que meu produto chegasse logo.,2017-10-11 00:00:00,2017-10-11 17:26:52
490ab3af88641c2eb432607e660e08ff,252f06dcd7681afcebd85eb7ac245b03,5,,,2018-01-30 00:00:00,2018-02-03 15:55:43
200af3f4bb0e4dd761e2c952e3208319,1f9624a22a45c44073523bcf6f1c47a2,1,,"Quando comprei constava um produto no estoque, uma semana dps entraram em contato falando q não tinha mais, pediram pra mim escolher outro produto, escolhi e daì falaram q meu pedido saiu do sistema.",2017-08-20 00:00:00,2017-08-20 17:11:43
7fc896243a153022265ec07290ff715a,986f9a6bec9c49daf91e0a02a63885d0,4,,,2018-08-05 00:00:00,2018-08-06 18:35:48
fafe911a274a14e454e8e43fe839d21e,d24c7346d4b0d3dca97138e03ef34ffa,4,,"Recebi o produto antes do prazo, chegou certinho, muito bem embalado. Recomendo essa loja pode comprar sossegado.",2018-01-17 00:00:00,2018-01-20 06:31:27
aa57f3fab650c116374266b08e0b2698,a0ed7e292495e32e3a7e3ae479219c4d,5,,Produto entregue no prazo.,2017-09-26 00:00:00,2017-09-26 22:08:11
442e7e66d60f012ffd21e44489280a0f,3742e108eff3341dbaa5e22f6e2fd38b,5,,,2017-07-12 00:00:00,2017-07-13 11:57:11
f8b78c81700ee54cf3f849bf00cafa52,ce9a38787c8e09ef2239972b3149278c,5,,,2018-01-07 00:00:00,2018-01-07 19:11:07
756d124decf25a502a7a1f98a4babadf,e375ee2412dcd70587fba05eb33d1f1e,5,,,2018-06-29 00:00:00,2018-06-29 23:49:31
acf3bd3eb9bf99a3b8f44552e7146cd5,cb7adcbe8f1cc9dfa83f5bd41d81ec8c,2,,,2018-03-24 00:00:00,2018-03-26 23:29:06
0021a4bb20248658151869de726e73e4,3044d11f2c5790298aa2fa9959961876,5,,"Recebi o relógio, antes do prazo e agradou bastante. Satisfação plena.",2017-07-15 00:00:00,2017-07-16 16:33:50
b37ba1c89433796084ad36d79ec13520,19542608de028da289c7e0fb0a7422ea,5,,,2017-09-01 00:00:00,2017-09-02 21:57:55
60987a9480d67a7bb5dda405d0f463a6,51a78fb31e4d1dc9a712c428af94ce6d,5,,,2017-11-14 00:00:00,2017-11-17 00:29:46
fa5ef385f55f39cd39b7799c3ad89ff0,bd90d63806137364d76965e61cfd6a28,1,,Me sinto lesado pois comprei uma cascata e recebi outra é isso é propaganda enganosa você coloca uma foto de um cascata e entrega outra quero o devolver ou troca pela a que comprei ou meu dinheiro de ,2018-03-09 00:00:00,2018-03-09 22:13:46
6bab3790d12f916b835dae7f1f696536,ed525f27dd4e72335596c7964f887dc5,4,,,2018-08-11 00:00:00,2018-08-11 20:59:40
7e21c6faea5a01b2dfb128bb71a55fa7,9f94f384a3324ab1c20916878324c3e6,4,,,2017-05-10 00:00:00,2017-05-11 15:31:39
d22d125ddbcf16bf1e9ef3c015d3e6fc,fc42360e860cbdb1b3200acac82cd5ca,1,,"Estou muito insatisfeita pois solicitei o cancelamento no dia seguinte à compra e de acordo com a lannister, após 48h eu teria o retorno da solicitação. Até hoje nenhuma posição. ",2018-01-30 00:00:00,2018-01-31 15:25:20
e5d2115f6c9c479a4f3a97faadf5d2c1,0446b999e57cddf002396ed4baa07074,4,,,2017-10-03 00:00:00,2017-10-04 10:37:21
6efa360af67391bedc8f2454aa502494,8304f049f874798b19276d475a0b1851,5,,Ótimo preço eproduto,2017-12-27 00:00:00,2017-12-27 18:33:55
41e3ca1002299cb1d169975d3e9a9347,955c8fbc85ca2cbd9a0cfe283624c915,5,,,2017-12-22 00:00:00,2017-12-22 11:02:52
486439d63fd4e70814bbdf0e296e965c,ed638b613c111b199c3550cb29fd6bfa,5,,,2018-04-11 00:00:00,2018-04-12 00:32:44
4f6e6370b25ceb8832ad20f4bedcefa1,756a455615f1d5b5c586b29c2ba67a89,4,Capinha do celular,O produto chegou tudo corretamente.,2018-06-22 00:00:00,2018-06-23 12:02:40
31aa4d75c7cc2ac8197fb1e3289116c3,8d68d7bd9cf7a752bf49e61522d69542,1,Regua fora de escala,A régua medidora é totalmente fora de escala. Não tem a menor utilidade. A distância entre o 50cm e o 150 cm é de 90 cm e não de um metro! ,2018-05-30 00:00:00,2018-05-31 16:53:25
ae5578546a4149b8f401dbbedba8a8af,6d2cb1a61d735811e501bb71b6dd9c35,5,,,2017-02-21 00:00:00,2017-02-22 16:58:18
bcf537c079d52558d8dabd13ebb4adf8,6f0e01ac8a1a17a76326cb043d90412a,1,,o produto veio trocado e não me deram retorno.,2017-10-11 00:00:00,2017-10-13 12:08:38
e80e9b305e64fd907e9a8e2eae389d9a,67cfcef68eea9ea1ea9423cf240ed340,2,,Veio com um defeito no acrílico que fica bem aparente. ,2017-04-04 00:00:00,2017-04-07 12:42:50
d5929cbfc117742be219a790da559f98,3b2ed015a009d565797abd448a431da5,5,,,2018-02-06 00:00:00,2018-02-07 01:11:42
4c45ff0e9597b8ab167459dd698fc229,f0ccded2c86244f755de08ec831108f7,5,,super seguro meu produto chegou bem antes do prazo amei,2017-12-06 00:00:00,2017-12-09 11:13:53
8c6160c321dc4e796a5c626747c8dca3,71a76b70b6437fd7d3cae33f67714073,3,,"cabo de conexão é curto.Só com extensão para usar. E a tomada vermelha (220w) está invertida. Para ligar a lavadora, o fio dela encosta na parte superior do transformador, e aquece....perigoso.",2018-02-22 00:00:00,2018-02-22 21:52:58
11b7da00e5de667df747bfed746cd44f,157ca6af9e09fbc0742ec25ceb3f0f67,5,,,2018-05-18 00:00:00,2018-05-20 18:34:15
98ae9734bb987dc94611aa59bfa44e77,9cffe850c8bb0bd7c7e679d7779385c7,4,,,2018-02-24 00:00:00,2018-02-26 18:18:26
34225aad00d699f4bddfab036e4e81b5,1ccac023123acc23d8b0af4d3190069d,1,,"O controle remoto do play 2 não é Sonic como anunciado, não veio o suporte pra deixar o aparelho em pé como na ilusão, e a garantia de 90 dias, oque é Isso? A garantia tem que ser de um ano.",2018-04-12 00:00:00,2018-04-13 09:41:03
cc8fecdfb527e48b0877bfe6e6f1bccf,36f63f07e3c52585c8eb2795c466b3fa,1,,Poderiam não cobrar o frete!Se vcs não entregam!,2017-02-17 00:00:00,2017-02-17 23:35:57
595c481a3133c212c15c59a14dfdbf35,8e3c9254e32eaf71c2212f6cebdc24f7,5,,,2017-09-20 00:00:00,2017-09-21 10:09:22
8e8f2b18b9c88e4d2e9b6d9be9f2eee6,408d3b25332b720d54aeb8503549722e,5,,,2017-04-21 00:00:00,2017-04-21 19:44:49
69126a0b834cdb30ea01821bd52159b2,cf5aab95566cf4551eee9dd9edbee478,5,,,2018-01-17 00:00:00,2018-01-18 15:03:08
57c8501579fffb918436912f9c148a77,d505b1d74b4f7e22869e627c8331338e,5,Super recomendo!,Produto de ótima qualidade e entrega perfeita.,2018-05-25 00:00:00,2018-05-25 17:51:44
57a4c2566ec1647e7823f43ff02abf7c,4dcf36a6420bf67ae5326a294ef1bcc3,5,,,2018-07-12 00:00:00,2018-07-13 13:38:57
cea7b0c21cd54cd3b64e3e1d3894f277,7af818e6d3ff877a6fd091e86a17a285,4,,,2017-09-30 00:00:00,2017-09-30 20:21:13
67a5cd203ca59f5cb234a83734e160e1,6afe56a58c8b67e87e2abd3e88c4f41d,5,,"RECEBI O PRODUTO DE BOA QUALIDADE , MAS COMPREI NO TAMANHO ERRADO, VOU DEVOLVER O PRODUTO POIS NÃO CANE NO MEU CELULAR",2018-02-02 00:00:00,2018-02-03 23:14:39
12b1ca979f883d1a97c4f8040c2a756a,a3ee95a310b51d1715ed8c16b7cd3ffe,4,,Só quê o ponteiro do segundo não para. Não sei porque geralmente ele para ,2018-01-31 00:00:00,2018-02-01 18:10:06
a8b0f5ab070712a923b335e69bf51b63,2291ee4be39fe350accf088e1b57a5d1,1,,,2018-08-02 00:00:00,2018-08-05 00:08:10
d881eff02562ce58c1473ebda8bf89bf,142b64dc3a09842572df17bdca68b5f3,5,,,2017-11-25 00:00:00,2017-11-27 13:56:32
f935d4679c9ef0d95486cb1cd1740aef,a48ae75aa612f90baba858aec925314b,5,,,2018-05-04 00:00:00,2018-05-04 21:58:22
ce8cfc3ebd3010b00c4035795dd13c58,eac8153088769b2459afd8e2a7b34ab2,5,,,2017-12-16 00:00:00,2018-01-10 06:30:10
b2fb6b510d41ae1f38a225b4f73c70ae,731c835328ddd81b1be1e0a997909b94,4,,,2017-10-05 00:00:00,2017-10-06 12:41:22
c562ff3fb77eb14e980a4ca271cb57d2,54484ffea00a1f43881bfaeeeaf0dfb8,5,,,2017-12-14 00:00:00,2017-12-16 14:38:06
16f3fc82eedecc7a687d0d713d154584,d2dece433559912b3b1d40ac3afc35cb,5,,,2018-05-11 00:00:00,2018-05-13 21:39:47
cc43aaf5b3624d42bc453ae837bbea76,128b0ea85d39d2b96310b64dd5c8f096,5,,,2017-12-01 00:00:00,2017-12-01 21:32:13
ebc3a223f760e7527fa2e280f696710d,7a485479dbdf94502e471dbd3329a4e4,2,,,2018-08-28 00:00:00,2018-08-29 07:49:48
57e6cffda3be027a7c2d3b1661d3b31b,c05b4afd0213a3d8f5c4c503b36dfb87,5,,,2018-03-24 00:00:00,2018-03-30 03:01:32
1ced523369a6415ce8ce1534bbd76bed,32b88a9584e3facf4a7eda6c22b11219,3,,,2017-12-19 00:00:00,2017-12-20 09:12:15
d8cd363b2626a005873df3d3759d670e,5ce5c77d5c50ab039bc32abe92af7bbe,5,,,2018-06-20 00:00:00,2018-06-20 19:37:26
a14ff5e6e6a3a6ed8af0c4b8e7072d18,33339858fe1a83360ede2fdfac766e3b,5,,,2017-10-12 00:00:00,2017-10-12 16:01:20
68a97595d96f3890eb24bd5bd2654339,2bf9fdd42a3609f2c440bec186b10ff7,3,Produto com defeito,"Bom dia,

Recebi meu pedido no prazo porém o pushing ball veio ressecado e descascando. Como devo proceder para receber um em boas condições? 

No aguardo,

Vanessa",2018-08-28 00:00:00,2018-08-30 11:14:50
3c8bf3304b5f43814d6c3a71a29b85a6,7abe199d448d327b3bb1150d2cf17ca4,5,,Produto devidamente recebido. Dentro das expectativas. Produto de ótima qualidade. Recomendo para todos.,2017-08-10 00:00:00,2017-08-11 03:04:40
22dded7c983cca580bbc64205ea1e4ca,638c9cf27361e5d5ebfd404b72248390,1,,"Mim deixou esperar muito tempo, para depois vim avisar que não era mais possível efetuar a entrega",2017-04-28 00:00:00,2017-04-28 21:13:22
3e1b3faf3a8401a1d1c8ff0ee29970dd,836410a2fc31591815fe79d66ec24f10,4,,,2018-08-07 00:00:00,2018-08-07 14:09:49
583f4fe7db90cfac1257550dd50d60b9,f36d049775f796795ad32ae00310ee97,5,Comecei a usar agora,Ta em fase de teste,2018-06-09 00:00:00,2018-06-11 21:46:51
cc82d4701d9251dee2ba438a4510cc4e,7786642062339870927e5c0dd845985c,5,,muito boa,2018-03-24 00:00:00,2018-03-24 05:25:25
1c0de8c048ae4288ff85d7bde9e470c1,af68048a682392b0cc14f22a8eef5b7e,5,,"O produto chegou antes do prazo,estão de parabéns ,mas referente ao produto ainda é cedo pra falar se é eficaz,mas espero que sim.",2018-04-25 00:00:00,2018-04-26 01:20:19
8eff18f2dba837af3a03329b574f12ec,ae89f3c648838ad99ed4616f05b2662a,5,,,2017-06-20 00:00:00,2017-06-21 00:19:29
d9623242d41c7228e36f65ec5add3046,a76525ee60ca2449ba03f448197073bb,5,,,2018-03-10 00:00:00,2018-03-12 12:50:11
46af2d60992e3926097f521cb3e90770,ab588e77cdbcc3d63e479ba2862256a5,5,,,2017-10-11 00:00:00,2017-10-13 21:05:33
009eaaa60b1224518ad27ae49174a26f,f46d498479ef20f7cbe0d471d9ca0bcd,1,,,2017-07-23 00:00:00,2017-07-23 19:32:34
b434b9258ba57e52ed3586a0dd0d397e,b77fbccc98c4158a1c4e36c61597f015,1,,Produto nao chegou,2017-12-14 00:00:00,2017-12-14 08:05:57
2d4274624a7ea5f177c0d29d674caef6,64983642eb3a25ca54f4786f830b1d0f,5,,,2018-07-24 00:00:00,2018-07-24 23:26:26
434f37fb11cab615a4c5f8d6ed12c8be,4653095ef7d71a9c9514e55131538126,4,,,2017-11-14 00:00:00,2017-11-15 09:00:41
51f1694d6ae4875235dc04a7307fa645,958261a4492225848848d654759efa34,1,,Não recebi o produto e não consigo saber o porquê. Tentei falar com SAC e nao consegui falar com ninguém apenas msg eletrónica. Tentei cancelar a compra e o tb não consegui o site não permitia,2017-08-11 00:00:00,2017-08-11 11:24:59
58f533d0c19a3d09495e8cf0bbc90d77,413f4326b6acbad986db3984844f8a0e,1,,,2018-01-09 00:00:00,2018-01-09 19:10:16
871abe1efe94bc815f0c2c6bfb30509a,acfdb303dfeb6e187ceaab1d84bf6b17,5,,,2017-07-06 00:00:00,2017-07-07 12:29:02
4f2ef5b4e79c330eb4ed8bd8530d4c0c,9645c5cc1c315607f2524b2189d3efe1,5,,,2017-07-07 00:00:00,2017-07-08 00:10:54
14bef68f63287aece95be32f505303e5,1946c4925cef4f63c6d90302b3d8caf4,4,,,2017-07-21 00:00:00,2017-07-22 03:52:05
ef4011f6a6305ca65140481b1baa93a8,3d7264091d686b71e3250b37f6ea6f07,5,,,2018-03-03 00:00:00,2018-03-06 00:40:10
327e90f3521353c20fa5f60bdb553e28,aed7beed304c01b44079208c0d9c16d2,5,,nota 10,2017-06-21 00:00:00,2017-06-26 11:59:00
c51984ab5c2d66cb5fc5485d172e7036,8565434e7b68f273260f208a1d2c2aa2,3,,,2018-08-31 00:00:00,2018-08-31 16:46:48
9c5a26b29cfd36a2fe392797f470a73c,a0613f72de8eeb0386bff92454492f6a,4,,,2018-01-30 00:00:00,2018-02-01 19:30:17
57c0dbd884b2a4d24c4c14d3105948d2,ce3a36c0bcc4edf5c49a0a29b3da3963,3,,,2018-03-25 00:00:00,2018-03-27 15:01:38
65084633fb590d38d0f6240b6ceef130,c9ebb7aedaf396f225f85df6735dd67e,3,,,2018-04-16 00:00:00,2018-04-18 23:39:32
53e48834556635921e2c2fdbe0567b2b,eb07db9884e44e51d9f3f7e6ef2715d9,5,,,2018-08-30 00:00:00,2018-08-31 16:00:12
58d501b51bb2904d3f801df0079a6b02,15762fbce0478c48462956d3fbee08a7,4,,,2018-07-27 00:00:00,2018-07-30 10:30:11
0c681dc61a0d6feb8cd65e1c44791ad2,a0123fbd74e1c68d8f3f46d14a07de6a,1,,,2018-02-09 00:00:00,2018-02-09 09:25:52
9ce22b6350befec73bf15364d70588ab,1e36204fd8a2e695a35dd5e41cd392d8,5,,Muito bom. Já é o segundo objeto que compro e recebi sem problema nenhum ,2017-10-13 00:00:00,2017-10-16 22:58:12
fa08b7f85ceab4fe772b885b721018f1,8493585c508f9c5e56d34538219d415d,5,,Bom,2018-01-30 00:00:00,2018-01-31 12:27:34
0fe7e913cd1c4f207506a6286dd23187,c88921a6cbda2e9973f9cfbd4e771d20,5,,"A imagem é de otima qualidade, a embalagem muito bem feita...a entrega super rapida...
Ficaram lindas na minha casa!
valew!",2017-04-05 00:00:00,2017-04-06 10:25:09
49543889e297f5ce5a1657264ef32b14,8a1e1fb0ef7e9f8fd6a0378ece8a4472,3,,O Controle Remoto não é original e é preciso insistir um pouco nas teclas mas está resolvendo meu problema.,2017-08-11 00:00:00,2017-08-15 10:56:07
ba1095d3d8706d4f7db077ce305e75fe,00bd50cdd31bd22e9081e6e2d5b3577b,4,,,2018-01-23 00:00:00,2018-01-23 19:09:17
0e21b6eadaced6a1733a893890187fb1,785f211a578f2b593e6ecaa4db29fdfb,3,,,2018-05-06 00:00:00,2018-05-10 17:51:32
30cca5c9365ac7c0bcfa43f58485bbc3,42e8aa987fc0b5e8e6ab1eced3eadd1d,4,,,2018-01-16 00:00:00,2018-01-19 02:02:56
bde00e65e166bd68a4d229b512137b4b,2695c625c0969a576dfa8a6888fd04cd,4,Produto bom,"Gostei do produto, vai ajudar no adestramento do meu cão.",2018-05-24 00:00:00,2018-05-24 23:33:26
8f57654e0859f170b56e0dad3485508a,27fe1bf2ef6671ce5e66d6958f828422,4,,"demorou, mas chegou",2017-08-25 00:00:00,2017-08-26 10:34:53
b5b0dca838fa6e57dab66388f05c66b1,9e988375e80989b9914b695cd57654cb,5,,,2017-03-22 00:00:00,2017-04-17 05:39:29
d70c934ee16733d79a9c8a72f70646b3,96006ddb955ba7f1a9e86d986f6149f3,5,,,2018-07-04 00:00:00,2018-07-05 03:56:22
8a46aaf3137a302e49b62375dfee6f8e,67f9754feffe51587eed05ba198d21b0,5,,,2018-07-12 00:00:00,2018-07-13 00:31:02
f78c687c741faf3bf5a2c15cd687b5ba,dfc2207ff43ff152e5a94f9c580ffe7f,5,,,2017-06-14 00:00:00,2017-06-16 01:23:28
6a054ee3d71202ffcce35269565d3509,2be34c2ba4b5bbab97cc1ab70c699168,5,,,2018-08-28 00:00:00,2018-08-29 17:08:05
92ce75bea2308caa8159de3e9a0ec031,74ee0534d7473bc5eb71392e31b7bdd5,5,,,2018-06-26 00:00:00,2018-06-29 12:26:37
ce9582d5537880e526c089b9b9b9d1cd,c99ca23474e04e001665cd9439b59dca,4,,,2017-11-08 00:00:00,2017-11-08 20:32:22
d028800212f03ade8edb0203748c0259,36c68e2e8ad21203f7f149a315550bb7,5,,,2018-08-10 00:00:00,2018-08-21 00:45:26
ebff1d9377e676433b02e8ffc667d5b4,a99d889887e1de4ac286fc3847455a97,3,,,2018-07-07 00:00:00,2018-07-19 22:14:59
e25ec92da613899bc41c66cf31236a50,5ae1672c9ca83961989aad88b01b6e1b,4,,,2018-06-29 00:00:00,2018-07-01 23:17:03
46667e6f5c3949f1854dc00d1edbc969,8c695ffcf56400764176fd1789ec7fa2,1,,GOSTARIA DE SABER O QUE HOUVE. COMPRO HA ANOS NA lannister E É A 1ª VEZ QUE ISSO OCORRE. ESTOU NO AGUARDO.,2017-09-13 00:00:00,2017-09-13 09:52:40
622176aa2613ae0d4601f7f5f9c431b5,e714cb78e6724b4f5c52e1119ec0ac9b,5,,,2017-08-04 00:00:00,2017-08-08 18:50:53
93ac91ef092822e23b26da459d19abd6,01db310c16db46c62c3d4e0857990f32,5,,,2017-03-14 00:00:00,2017-03-17 11:04:47
70cf797740f165385df87e5fa3c7ce13,88f4f8db113ed457801a7d675ed0ea61,4,,,2017-09-07 00:00:00,2017-10-12 21:01:50
736bffab0460addcd93757327e542549,dd8f12312aaed12f182c3b3f1b28f5ba,5,Ótima,,2018-05-05 00:00:00,2018-05-06 02:54:49
e7716f13c06657822fb53afb521bad2d,90e2de5e3c7e68c82623b0bdcfc301b4,1,,"Logo na primeira compra , ja estou tendo problema com a entrega. Comprei pq confiei no site da lannister, mas seus parceiros estao deixando a desejar e compromentendo a imagem da lannister.",2018-04-12 00:00:00,2018-04-12 10:22:18
cdcd01947bde62591343f2d9b04aa3d6,72ee7eb0e76d4ca92b2cbb5fbab792a5,4,,"Adorei o produto, fui muito bem atendida e chegou bem antes do prazo da entrega. Super recomendo.",2018-01-17 00:00:00,2018-01-17 23:30:30
1eb7a0040532e7ec9971202a986b82c6,5278efafa60c7005d03202b122eaea55,1,,"Recebi o skate com duas avarias.
O kit de segurança é de má qualidade e todo desbotado, além de o skate ser com personagem para meninos e o kit de segurança ser rosa.....
Estou muito descontente. ",2017-08-24 00:00:00,2017-08-26 02:28:14
6e43cf553661e71bfea78d7b94a9caef,498c3c15348d28d24467e613d70ce184,4,,,2018-03-07 00:00:00,2018-03-07 09:33:10
4ae1114d0b5853ef79ae803a9a969878,009905140e9f8cc35d5be897937381db,5,,,2018-03-29 00:00:00,2018-03-31 16:08:36
2f97b7e8929298e488c5a4a9b59a8b97,c05959bbcc139450377c258a39f80602,1,,"Faz mais de 30 dias que realizei uma compra e não recebi o produto.
O status do site só informa que se tem problema na entrega, quando tento ligar na central também não tenho sucesso.",2018-01-04 00:00:00,2018-01-04 10:13:48
0750a9093611930763e7203b846c6fca,52064702688c67baa4242897e9136b5a,3,,,2018-08-10 00:00:00,2018-08-13 11:00:37
edce492973effd81b1d1cd2352e6fe87,0213da24bc9b884c4792ae4c54eb0bf3,3,,"a peça veio com defeito, o frete custou mais caro do que o produto e minha maior chateação é que para trocar vou ter um trabalho absurdo",2017-12-05 00:00:00,2017-12-08 11:50:21
e90bf456a21c078ab9f5fb38ac8bb85c,502324e1f5fe134521e73937bfc90320,5,,"Produto muito prático de uso e limpeza, forte, bonito. Apenas acho que deveria serem mais afiadas as laminas, pois dependendo do que coloca dentro, acaba ficando algum pedacinho sem moer, mas não é po",2018-04-05 00:00:00,2018-04-06 13:38:55
0a6ede7ed3123be1cb3720ecdc0ff568,8d5be7c8d0ffed4ce5f1b92cefbc35e1,3,,"apesar de ter sido entregue no prazo informado, acho que levou muito tempo.
Os demais sites informam um tempo muito inferior e entregam em menos tempo ainda!",2018-02-25 00:00:00,2018-02-25 16:02:27
842c8da6c9c023d36681cdb41a9c0c45,0cfc3c9271c77a02846073d54b147bf6,5,,,2018-04-24 00:00:00,2018-04-25 02:14:31
e608080b234af356dd8ea257e2294aa4,0379c7b005e9be5439462ece4e356341,5,,,2018-03-13 00:00:00,2018-03-19 09:50:57
34850ba27dacec35154b0fcc9776d702,5ddb18c0837af203e55bb5273ad3fa60,4,otima,"gostei da compra, uniu a mercadoria com o valor
",2018-07-13 00:00:00,2018-07-15 09:51:36
8f9adbc93d494d471935de2aafcc0b13,63ac25fa7a6efd7b94ace6adbb54b431,4,,,2018-02-07 00:00:00,2018-02-09 21:06:23
08a850fe85278f2a0a0b51de2e5303b4,23776c3e7fc4d5e5185cb19abb53e653,3,,,2017-12-12 00:00:00,2017-12-14 18:54:29
bf8ad702d153b8c1c73328591242c7d1,3b4ad687e7e5190db827e1ae5a8989dd,1,,"Comprei um produto e não entregaram. 
Pedi o cancelado do produto.",2018-08-05 00:00:00,2018-08-05 13:47:00
803390dafb1990a3d243289f53b5c32e,dcbeca15561110ba65183082829941c9,4,,,2018-02-08 00:00:00,2018-02-11 20:50:06
103f7529df7f89a19b72914518b6eba5,8ad43a57bb88d52531c6facae014a8ae,4,Bom,"Produto entregue corretamente. Na minha opinião o que pode ser melhor é o rastreamento.
",2018-07-12 00:00:00,2018-07-12 10:19:14
73049d47df9e2e71097cc818d05197e7,f0ea34d58a86eb887f6a0dc005d6d80b,4,,,2018-07-05 00:00:00,2018-07-06 08:55:30
80e8eb7a7be7a09056f4b83374756b26,bb386dd878f0e22e224e88bf470d8bba,4,,,2018-01-14 00:00:00,2018-01-14 22:59:00
2eee8fcb67a0a38f7a76336d26229d59,b9babcd3be5ab7aae890f68c9fb4ccc8,5,,,2018-05-03 00:00:00,2018-05-05 20:12:25
c9bac0b73bdb5c2a2ba7202edc3002cf,b02577617dbe17d1ed25d63f6b47c413,5,Muito boa,Rede excelente! Aguenta 200 kilos!,2018-06-06 00:00:00,2018-06-08 19:55:20
4197d648ecb3b8827fd10019551dded9,903b9800ae4c27c2f80b83ea286fb0f8,5,,Tudo ok..,2018-02-10 00:00:00,2018-02-10 20:35:08
b0f9a68177c8390ca39707a56e998772,774847476ad545e9bcb605a75dd40de6,5,,Excelente compra produto de qualidade e entrega rápida recomendo.,2017-10-01 00:00:00,2017-10-03 20:08:39
b9ef7191c925e99bb83453ca5a2fed29,2ccfb56c4a7060de9778668844658588,1,,Gostaria de saber se o produto vai ser entregue ou não? Pra mim cancelar a compra.,2018-04-04 00:00:00,2018-04-04 11:31:48
f26252d637f7261ee180410263bec082,231d32fab33b75ec36a075c7982d0803,5,,,2018-03-11 00:00:00,2018-03-12 16:57:27
edda4e5fb3c84a4de26e5a124cb052da,1779a7a77ac96ef5beebc0e30b9243cb,4,,,2018-02-20 00:00:00,2018-02-20 23:11:00
91ebd9a1099ac9c6130013a67306be3b,aebfae1934f275da60a8fa54082b5ee0,4,,,2018-02-06 00:00:00,2018-02-07 00:58:16
69957e955195522e448911e89cae286f,989196f56241e43b0bf10162011e6b30,2,," Pensei que as toalhas fosse mas grossa ela são bem finas
",2018-04-12 00:00:00,2018-04-12 22:29:26
6d212fa73e5806565cf5e623c320b2fd,5ce5414216f07cdd464573ba59e7f187,5,,,2018-08-09 00:00:00,2018-08-13 13:10:08
7e0254980265dcfe1c46d6b42cf9ca83,58ad8c9795c17d85d9005b42f7c3d14f,1,,Se passaram 2 dias da data da entrega e ainda não recebi a encomenda,2017-12-03 00:00:00,2017-12-04 01:40:26
055e9fe7def99945aa39364e3d17c6f6,25ab32ec1b293e1889e29cce8820832f,5,,,2017-06-17 00:00:00,2017-06-24 23:28:09
a896f40474c99895c9815538f53d8d9d,aebfa371228ec3f9956a9552aabc8bba,1,,Não recebi o produto,2017-12-20 00:00:00,2017-12-20 03:11:37
28ab1fee164219c39717f7c79db06829,dd9ee64158bd32d93a496fb0af82f160,5,,recebi antes do prazo.aroma suave. ,2017-04-14 00:00:00,2017-04-14 23:13:35
759f43ff10419616f4fae0c736016ac0,7312e901d22a5fa199104da9e0996c2d,4,,,2018-08-23 00:00:00,2018-08-26 16:46:19
5608b7618ada89fff4243b1567e0929e,e248c45c398d43068b85a887c7e2a470,5,,"A loja cumpriu com o prazo bem antes da data estipulada. O único problema como sempre é o correios do RJ que vacila nas entregas, pura preguiça de trabalhar.

Indico a loja sim!!!",2017-08-18 00:00:00,2017-08-18 15:53:53
4a34a4d094fd27bcc20197e844249299,2bb80d6b50b07a73fb5a18dffecbd3ce,3,,"Apesar de estar dentro do prazo, demorou muito.",2017-11-30 00:00:00,2017-11-30 10:59:01
bf0fa246aced173e2c8255204a471e0c,5e4c3ad24632f5a0a597858f3d008967,2,,"Recebi na data esperada, porem veio na cor rosa e nao na cor azul como tinha comprado. ",2017-11-02 00:00:00,2017-11-04 19:35:07
4c7caaa704e36bc80d2c4cd4713d216b,8394de68d323384a331279fd8a60462e,1,,Ate hj o produto nao chegou,2018-03-17 00:00:00,2018-03-17 12:33:25
79f1eff6eb79b49108a7115b2f71be48,aa491ed0d127f4172778f54793494dd2,4,,,2017-12-01 00:00:00,2017-12-02 00:16:18
50cf341620f0901a4ad2481bc4a58816,8a9e4058bd52b1df24af22b9cd604f87,5,,"Amei o produto, era tudo que eu esperava e chegou muito rápido! ",2017-05-30 00:00:00,2017-05-30 23:31:20
d36f509a091f05adfdd97e9351f40601,4a7062d398b2eba9c25e6483b056df8f,5,,,2018-05-05 00:00:00,2018-05-06 06:21:03
5a11476227e717e953d11fefdd2c7ef5,4e2a846769fc8af3af8b7826b058fe4f,5,,"Chegou bem antes do prazo!
Estou satisfeita com meu produto, condiz com o anunciado!
Chegou bem embalado, com papel de presente
Compraria novamente!",2018-01-12 00:00:00,2018-01-12 23:25:46
d83325cdf84d2640fa514a6faadd3593,02cdf0f2b05845468fdf0c104e24ae17,5,,,2018-08-31 00:00:00,2018-09-01 13:51:39
1e7897e5c0be119f7e491619b1d612e9,25be1d2d060ffdd6d8f10daceda67087,5,,"Produto de ótima qualidade, entrega super rápida, chegou antes do prazo. Estou muito satisfeita. O produto ja está em uso e não apresentou nenhum defeito. Produto e loja recomendadissimos.",2018-02-10 00:00:00,2018-02-13 00:40:19
20808e2683546cf3a5202ce53c504755,ce3a102e866be15f5e59e79a3f18e351,5,,,2018-01-20 00:00:00,2018-01-22 17:37:03
59de1103af997827cef9dc533ddcccab,76af817018cd5fa5b739a3c2ba34ee70,5,,,2018-03-21 00:00:00,2018-03-22 09:57:04
2505943706ada51678fab70236d639a0,3cd7a167d6f4300d15a7c8816c1b29d5,1,,Não recebi o produto é estou aguardando o estorno em meu cartão de crédito.,2017-10-08 00:00:00,2017-10-10 08:53:33
0b85590206a6ddf7864e3916c2cd64ef,8290b671acbc8848d4af959f24bdcc22,5,,,2018-07-10 00:00:00,2018-07-10 17:13:26
fd6697399b769a80a15db5d6b2f34a60,91c4a93764c64f05b6548ef057e6d3e5,4,,,2018-08-29 00:00:00,2018-08-30 19:44:00
0f58ebe78120614929e7b92d102ceb85,6f7c4d0e0bfea3787bfa435c00423420,4,recomendo,"
produto bom",2018-06-06 00:00:00,2018-06-06 18:59:27
4a73756f3817a5308b3c2665e59ee75d,bdfa4237c19c14513acaf750e3e8b7f1,5,,,2018-05-05 00:00:00,2018-05-05 23:38:14
0edfb0521df3052e72f9dc6f4244e7fe,cd0c854775bce057e6a7e27c79a58f00,5,,Entrego antes do prazo.Produto correto e recebido sem avarias.. Embalagem devidamente correta. Obrigado. ,2018-01-10 00:00:00,2018-01-11 13:38:24
332f11b29a0e18bc22216d4a90d15a44,7276ebb4ef0951f006dbfb2deb76d255,5,,,2018-06-03 00:00:00,2018-06-04 11:20:36
4d05e688e4fe2cb06fa30f9dedef9d24,ecf9330db0f11c5086969ed6c7468d4a,1,,estou aguardando,2018-03-30 00:00:00,2018-04-02 12:34:40
0a1d1b980096f69cc24cb4169f7c85c5,ec0bc44edd6eff22baea2a84bf6c0404,5,,Empresa honesta.. chegou até antes do previsto.. produto de ótima qualidade. . Recomendo,2017-03-24 00:00:00,2017-03-26 23:34:56
242da6c828da1ac22c9d5f458bfbb101,341eef9a571acc5c7dc233b44c9fda31,5,,,2018-04-04 00:00:00,2018-04-07 01:30:36
5c8016728064913b32a051588b9eae28,2b2354a7ca69d0b7f006aeab04524c12,5,,,2018-07-24 00:00:00,2018-07-24 23:05:31
5b071e20800be2dba4ac7e79543dab9e,0f1e7409f75f39dd6de647d802dd1094,4,,,2018-04-07 00:00:00,2018-04-10 02:02:14
629ece66094c94d5a07d180b06cd38df,961d9edd490f2f6b29335d332e96f57b,4,,,2018-04-22 00:00:00,2018-04-25 14:30:21
cad4c2b2568eb4ebeba3a51eb51ce677,c6697f0b5a341cb2e357e996c100664a,5,,Tudo ok,2017-12-31 00:00:00,2018-01-02 17:07:29
f6ee3257038a3957e2f13e5b68168c88,bc3648a9f94d2f9137c188a3140a9c7e,5,,,2018-03-24 00:00:00,2018-03-26 00:35:27
19bbade48aa8e79099f4e81a93a6a7b3,d07eb552f514f38f0107ee31243f8104,4,,,2018-08-15 00:00:00,2018-08-20 14:32:26
0a7c7d130180626486a71b4b558e8054,b2b7813f1cf4afc8e5728398618bbd7e,5,,,2017-10-08 00:00:00,2017-10-09 19:35:43
f541ca6222ee91321b6d9938b23db8e0,06b7df1d1d3dd3e36628fc7078908592,5,,,2018-05-05 00:00:00,2018-05-06 21:08:45
0b6a4ccb6d49fb1f00aacb64bf3f338e,7d000307a29338a053287f79e225e09a,1,,"Não embalaram bem, como veio de muito longe acho por isso veio com aranhões , por ser preta mostra bem",2017-09-28 00:00:00,2017-10-01 02:01:27
ebe00bf7906c476e7dae9fdd17583c4c,1c366a6fab2801f8b19036b3fc66ef17,4,,Produto bom. Dentro das expectativas. Acertei na compra.,2017-10-11 00:00:00,2017-10-14 17:59:00
9ce5a16716e2c37e95776264fe64f49b,907ed6a0400bc09e3982627921b633ef,3,,,2017-06-08 00:00:00,2017-06-11 18:59:45
74b1b96fed0485bd00f88f48595b649d,9c1c2a694dc2ed7632ef2776cb8a2472,4,,,2017-12-21 00:00:00,2017-12-23 22:16:35
f313267e6368957f98b5b01b7759f67f,091ac0791556275533697b36e2b00ff4,5,,Excelente compra e atendimento! Recomendo!,2017-02-07 00:00:00,2017-02-10 16:16:27
d45518459c196ef99b83748fbb18cd3e,a4ce473749f3d49434d83a58607881b6,5,,só acharia que deverão de mandar dois refis de gelo para estar sempre trocando,2017-09-14 00:00:00,2017-09-15 22:04:50
0bdfdc89875905314e7d51951a8c6a33,6d7a867946b6ea936e0f9bff037d10a2,4,,,2017-03-22 00:00:00,2017-03-23 19:44:04
220caf322a3a4a6cfeae8827b96e9b93,cf744c93388b9e85a6e23911a40891e6,4,,,2018-03-30 00:00:00,2018-04-01 19:43:51
b9019922f0d30bb0d9dfe588cad9f0b0,1342ab50383d7471a3bfd75ca93d38d6,5,recomendo,produto entregue dentro do prazo e em perfeitas condições.Nota 1000,2018-08-31 00:00:00,2018-09-04 12:52:43
7dfe91993a00465e8792625e0a14ed11,42d18cc0399f54454215946af6ef3252,5,,,2018-01-17 00:00:00,2018-01-18 00:20:16
ce43492ca4430b3c9ef48ed376c5f83f,5d2e7157465c583b526adf7d226d9623,5,Amei ,,2018-06-06 00:00:00,2018-06-07 14:12:33
7ed0c919316ab06fb833a385605df075,a404ea50be6a196526edbedda3d1d083,5,,,2018-03-24 00:00:00,2018-03-25 12:34:00
86d2a083245a81bd14721e29770c0a46,2ae01dafe3790417726f148d9f1a90a4,5,,,2018-08-30 00:00:00,2018-08-31 01:23:19
333696b9457bf85bed26355f8104d4cf,2f8fcfe0b82ecb5bf95a056e04b3181f,5,,"Muito Satisfeita Entrega No Prazo Estimado E Capa Transparente e Película de Vidro Para Meu Bebê, Meu Smartphone Asus Zenfone 4 Selfie Tudo Certinho, Tamanho Ok E Muito Bonito Os Dois Produtos. Valeu!",2017-11-18 00:00:00,2017-11-21 09:23:12
91329ecf8da4b2cf8c0a867f8d9ac4c7,b69113e2cb7e946f2aca03d4eab65c0f,5,,"compra entrege no prazo e produto ok

",2018-03-21 00:00:00,2018-03-22 13:18:59
adbabedae6b70b20e8d7c1407d46f092,c590ba67ec2c2ec0625ec1f9119b6598,5,,"muito bom, entregue antes do prazo",2018-04-05 00:00:00,2018-04-06 17:47:56
275ff560606c332325c5fbd36c2ad11a,4cc479c410cb824d577fb1a31af7b002,5,,,2018-02-27 00:00:00,2018-03-02 23:58:02
3b953ac27305ceddc0abcdc60bd1a088,1aa53856bbf007e716eab896ddea3187,5,,,2018-04-12 00:00:00,2018-04-12 20:05:06
18d2a7f207f20b1fadc63b0c7614f16e,60c03a80ee95e6f0b2be392657ba6c1c,3,,Comprei na sexta entregou na segunda,2017-10-03 00:00:00,2017-10-04 01:55:02
13a8e822c7073429ed6654989e44937f,11cd24b7e4b9463f16ba03156c608cbd,4,,,2018-02-24 00:00:00,2018-02-26 20:01:26
519be44d5610810aaac0b0ba928e8028,01a921eb5bf5df0c2990e62563ceca49,4,,,2017-12-12 00:00:00,2017-12-13 00:41:18
f2a472376f2e571539fd19523061d79c,565f87125e672e704933159acb9d4587,5,,,2018-06-27 00:00:00,2018-07-02 13:42:10
b56f67be922a00943a4de6c8dcbe2483,0cc53a27cb4eec43723454e212e469cc,1,,Não recebi o produto,2018-03-23 00:00:00,2018-03-25 13:47:41
7f03731fce8b745376da2737f31708df,8411e6f64e8ba69af35b400712a77a8b,4,,recebido ,2017-06-03 00:00:00,2017-06-05 10:44:02
a2a8528c9701022a1bf13c4b426e65dd,326aeb6a8be7b282c4d5cfba7ff0a072,5,,,2017-12-01 00:00:00,2017-12-06 19:15:01
5da793768003e1a669be53b1f732c1d8,1a0d8f4b7cdd8a27c1ef92e118931fee,5,,A lannister EH UMA EXCELENTE LOJA. JÁ FIZ VÁRIOS PEDIDOS PELAS lannister E SEMPRE FUI BEM SUCEDIDO.,2017-05-20 00:00:00,2017-05-22 00:25:45
feddd80b19843ef4d7aa2c573e4bcd4c,86c411cc5e0c28b069f3e98edc6e6290,2,,"A loja eu recomendo mas o produto não.. ele trava e não funciona corretamente,",2018-07-13 00:00:00,2018-07-13 21:51:47
8f17f539b9a0564eaf31899dbc8d9775,ca290a06ee0945b956f79c93b5191633,4,Otimo produto,Otima qualidade,2018-04-26 00:00:00,2018-04-26 19:50:48
6497e16f1195e76f14d9e9f6a4c031a6,6f2241a169e16e47cdbe68ce9d8c5865,1,,Até agora não recebi o produto e não fui informada sobre a chegada dele.,2018-01-05 00:00:00,2018-01-09 13:57:22
4ec800b141be04eded850f73ea811137,26309b9af9801e215252ef79be51f75a,5,,,2018-08-28 00:00:00,2018-08-29 11:24:45
3949136b40eed2360e0eae57c445dfb8,b55ed7407eb340d0db40dfb2759c756a,5,,,2018-08-15 00:00:00,2018-08-16 02:24:45
831a433123490c097c9170779a2b3d33,eac9691979b0aac3f3061abaff2f4f8a,5,,"SOU FÃ FIEL DA baratheon DESDE SEMPRE, PELO RESPEITO QUE ESTA LOJA TEM PELO CONSUMIDOR. RECOMENDO...",2017-04-01 00:00:00,2017-04-04 10:06:59
3bec6953121e90a723f11ef9d9b3298d,e42b4cff5d459fc447019421a3cc5706,3,,"As cortinas são bonitas, porem o material não é dos melhores, e o acabamento deixa um pouco a desejar. Mas no geral deixa o ambiente mais elegante. ",2018-06-19 00:00:00,2018-06-21 17:34:50
93381cf064b5b349ce363b85e57e58ec,6d1a52060faffae010ab6d691f913b7f,5,,,2018-06-26 00:00:00,2018-06-27 21:30:35
d01a12026c08e0513fa5e569f7d78324,cd896f1a6e1a6dd77ebc7cd87c831066,4,,,2018-08-08 00:00:00,2018-08-09 22:59:32
d45965fae57dea667e24fb16b45ba4d4,ecfdcaa1a2dacb4e5297d8251b115002,5,,,2017-01-28 00:00:00,2017-01-29 00:08:51
ea2ff3a389521f5112db94709cacbef8,976e9ab712a374c4dad3d2d0e7e1001e,5,,,2018-02-06 00:00:00,2018-02-15 18:49:51
49d2bfed07c22a24ada85e9e34dd848d,76a2657666ce6a681245c40f6e019f02,4,,,2017-10-25 00:00:00,2017-10-25 22:10:50
a130ecfedf5575b1daeeed272ea333ec,d002eb4aca4f571c8be423868a738f93,4,,,2017-07-20 00:00:00,2017-08-02 10:55:53
c048a26fbd444db82e97a2359da3f957,507f91afedbd57681c60c5d8c447716f,4,,,2017-03-21 00:00:00,2017-03-22 13:16:54
ee8759faf5fd882fc4eb061bbf382b26,c070b6a6cdd7d86e8661167d223786cd,5,,,2017-06-23 00:00:00,2017-06-24 12:40:38
fb3ed772cc1b11d177cfc0c8607e72c6,b0b5259c58e77b7f9d586707946ce3cc,4,,,2017-05-10 00:00:00,2017-05-11 02:52:52
b8636256e7441d877bac22a4fd0b0c41,f6eb6190398bfb32871584bd111dec04,5,,,2017-11-04 00:00:00,2017-11-05 03:40:34
26992df80a110294205472f015484670,21cb4961399b846b168d0358100f473b,1,,comprei dois itens (um jogo de lençol e m matizador) - chegou apenas o jogo de lençol. Não recebi retorno sobre o acontecido.,2018-02-15 00:00:00,2018-02-15 17:08:51
9005b41aab72239582f630958c588d92,3eaff0f1e83006a8d5ef491c01ab176a,5,,,2018-06-23 00:00:00,2018-06-24 00:49:27
57207975f6a1d00f8df01557de65cb1e,1fc6cc3c8938adb70a710cc1b701337b,4,Satisfeito,Satisfeito ,2018-06-28 00:00:00,2018-06-28 23:08:20
90d1148c6f19ba228dfcfb87bdda1bca,16fd9b360cbadca08b1026c8532820f5,5,,"Produto idêntico a da foto, e entrega rápida. Comprei num sábado e recebi numa terça, superou minhas expectativas, pois o prazo era de até 12 dias úteis e recebi em 2 dias úteis.",2017-12-06 00:00:00,2017-12-06 21:55:04
110e233ff43f651ddca445e80d6746cf,344aec04212ff4fb3b73f86f50ad49b9,5,Muito bom,Produto chegou bem antes da data prevista ,2018-05-24 00:00:00,2018-05-24 21:23:01
ef2117e1143bf21419173a85c152b734,870f773874f3b7fd05281b341c6f8276,5,,,2018-03-29 00:00:00,2018-03-30 14:25:35
77b8f1000ae10ab776798bc3d74056f4,ebe702debf95ffef903434389a46876f,5,,Ainda ganhei brinde,2018-05-11 00:00:00,2018-05-11 23:47:17
9f042ee8c9fc2dd7248eadead8e7b074,a159f0d3b012cdad58464eff20f5a4ca,5,,,2017-04-20 00:00:00,2017-04-22 15:39:00
497ae122debff7a676ee47eae9e0ee85,e0f2960cae7a59eeda7cc3c30ec0fa0c,5,,,2017-05-13 00:00:00,2017-06-02 16:06:43
34ff0a412ecd89d496419df39e5c5de4,5ad738a3ebe737918e4983345e1e02d8,4,,,2018-08-31 00:00:00,2018-08-31 21:06:02
6c49563f8fa34a5c1b33919bf9748bed,f119f2d71c96714540bb893bff51e122,1,Insatisfeito,Produto que foi entregue não confere com o pedido da minha compra.,2018-06-03 00:00:00,2018-06-04 03:13:30
173083c43d90eb8ded73dfc9707322bd,8309d4331303ee734179e1c7da304fe8,5,boa,Entrega feita com sucesso,2018-05-24 00:00:00,2018-06-04 14:39:09
33133922c882c6b1d9c366e747749fa3,2c283d6fe3628e20caec652ad3703c7e,5,,,2018-03-10 00:00:00,2018-03-15 11:13:50
e0bad7727edda992e3a55c28e618e8f9,300b0559d2d523ea8e5ba8f3f61ade92,5,,,2018-07-27 00:00:00,2018-07-28 19:05:19
69df2d7ff1218bdf32978e6f6fc4f32c,4ca7011605c977cd69c1e1706625e98b,4,,,2018-04-04 00:00:00,2018-04-05 01:12:33
16a234667426822992eec0dcacd3a3cf,f6b803d15fa58d6e0409ce0cda40121b,3,,"O produto chegou no prazo, foi entregue o produto correto, porem o produto chegou incompleto, pois era pra vir quatros produtos e foi entregue só dois. E a nota fiscal esta incorreta.",2018-01-23 00:00:00,2018-01-23 18:06:01
18fb428ede5dc8a81c2bd704b5c23421,cefa8ee1540139ac77fa0c1b4ff1f04b,5,Excelente,"Rápido, claro e objetivo. Produto excelente. Recomendo!",2018-07-07 00:00:00,2018-07-07 15:40:11
7f4ca0ffdf0d010f7797d6773416f0ba,d91d81e30f336d49cc31106d5373842f,5,,,2018-08-26 00:00:00,2018-09-01 14:34:32
9c6176c40f47dabccaf215dd79c4f2c8,c1df7b442eae0851753ed884bdaacc02,1,,Os produtos chegaram dentro do prazo mas a mesa veio com defeito. Imaginei um produto mais forte. Estou aguardando contado da lannister e fornecedor.,2018-03-08 00:00:00,2018-03-08 22:40:05
c6c9282975c2aa2db8b8f55f1f187c45,1ddedd282e921efe5e3e931f5a1369d9,1,,no site da lannister dava que tinha 01 produto em estoque. Meu pagamento foi aprovado e depois me mandaram um email falando que o produto estava em falta.,2017-06-21 00:00:00,2017-06-22 21:07:30
7c2234d404b12b83ecca18b47bf56d29,9a50f016b349f16c4b2e42a4be02d1c3,5,,,2018-08-11 00:00:00,2018-08-14 01:56:21
02577ff358fbd0c6bb3542b4008dfefe,7605fb11bdf1ddae6600da5b72db575f,5,,,2018-01-27 00:00:00,2018-01-31 19:36:47
ff731b3003db61e9b13f4bce22169a6e,feac81be070a43ec0bd168b52fb03485,5,,,2018-04-14 00:00:00,2018-04-20 10:25:56
c6c7956b90223735bc3593e1d0de3a89,0b958a89cde3a26acc1aaa43b64b999f,3,,Me pareceu velho. O contato da bateria está enferrujado e não funcionou quando liguei. Tive que abrir e lixar a parte metálica que encosta na bateria.,2017-06-23 00:00:00,2017-06-26 16:28:33
de1663d2c322331a92d32d18ee023f0a,9a9493d725526cae22a6a7aec2d5aff4,3,,,2017-03-09 00:00:00,2017-03-10 12:05:16
4fd2e477a3ae294e54e30aada02708d0,fe9aa3b22b4d65ccbaffb57984bc12fb,5,,,2017-11-30 00:00:00,2017-12-02 09:08:49
97dfcfb0a12b2dda1a28b03176b43220,ede4ebbb6e36cbd377eabcc7f5229575,4,,,2017-12-27 00:00:00,2017-12-27 23:06:25
f50897c4d20c2a6b268582720e56a01a,e33994eb7c5e18cf46ade6e474b1e831,1,,"preciso receber esse produto , deve ter sido entregue a outra pessoa",2018-08-07 00:00:00,2018-08-08 13:48:45
a12aadb99d3803da11dddd1f4c2a93dd,c2cd5bc346758b7a8259cc0d1f974824,4,,,2018-05-18 00:00:00,2018-05-21 13:45:01
c7ac6c7b07d8499c696c27f374ca0748,13d6f87da8ba3d0feb95e58ab304a9dd,4,,Devido a greve dos caminhoneiros o produto ainda não foi entregue.,2018-06-07 00:00:00,2018-06-07 12:42:27
bebf8e035a900f0759ead21eca6b96a2,02da43e64b38100ea4b0b4a76cc2ba66,5,,,2017-06-01 00:00:00,2017-06-05 12:46:22
005d5bfc6d33c19bb1f51cdd7c103707,fd1cfd1076dd551e6bb1c4567e5a1b31,5,,,2017-12-12 00:00:00,2017-12-15 01:33:38
214ed6230acfe376e240ecaa5e13ff9b,ba2f9f618bbb0aae209920d83b3773b2,5,,"Comprei pela primeira vez, e estou satisfeito com a loja",2018-06-02 00:00:00,2018-06-05 00:18:42
db5a577e8662b558de17d24b13d3d24e,6aa38fd3d451d8aec32d57d833b04083,5,,"Irei comprar mais vezes, o produto chegou antes do previsto. ",2017-12-16 00:00:00,2017-12-18 17:20:14
e1f87d996b7a7d6634b9b5b39dd2ce31,84cad53638357a9971c4485adad123e8,4,,,2018-02-03 00:00:00,2018-02-04 09:57:52
d316eaaa1fabb1bab7547c34e6f4515a,9e3796f27dbab73279e5ae222182f918,5,,,2017-09-15 00:00:00,2017-09-18 18:37:53
fc8d377b28015f43af677579dc0a85f6,75568fca44a774f0c170129d21aa0f03,5,,,2018-04-19 00:00:00,2018-04-21 21:10:52
cea4cf29ece61892293472b4f625d94a,7a8aa142cba05fb6a982d779ded4b72f,5,,,2017-07-22 00:00:00,2017-07-27 14:24:08
fb811a7d93f6773e7018af2dacfc0691,869e5bd441672657e6b28cfa5e685fd4,3,,Gostei vem simples ....mas achei MT bonita e bem acabada.,2018-02-10 00:00:00,2018-02-18 21:20:28
6c3560e798957cf8cb386818ea600dc8,76fdd96b734e602ecb2dbeab4a03a865,5,,"Gostei muito, chegou bem rápido , o produto é ainda melhor que eu esperava.",2017-08-18 00:00:00,2017-08-19 11:08:16
f548de90588e8d69d951046d45bd0a99,88ac33fac1d5d735fecc0f5fca69b0b0,5,,,2017-12-07 00:00:00,2018-01-26 12:50:25
3dba1d828dbd2cd416a912777cbdd890,dbb785a23b8cf4ea6c911ed7b6aacc54,5,,,2018-08-09 00:00:00,2018-08-10 04:42:49
7c3b319199440c6e3045d7a737495b69,58da121f4b355734661e99087e7e4ffb,5,,,2017-05-14 00:00:00,2017-05-15 12:22:41
67e583780506d5a9e66ef4756d038251,40bd7d4e6219af90438292c55c87c61a,5,,,2018-05-12 00:00:00,2018-05-13 22:25:05
3e926ff7dea2d745980f2c2b55e00ed8,68e6025320f22a05b32dd8e3fb061fc0,1,,O produto não é original trata-se de uma réplica.. estou me sentindo um trouxa pq confiei no nome da loja e me dei mal,2018-02-02 00:00:00,2018-02-03 01:20:38
8eac7eee5652b4d635d31fdbe99259ef,01015fb6493ea5b9ba105c80b5452da1,1,,"o produto que pedi não condiz com a foto, pior é enviar ao cliente uma borracha de vedaçao que vc entra com o valor de 3,00. É uma tiraçao ",2018-02-01 00:00:00,2018-02-07 12:01:38
c7469c10928ab8f2699d79d9f9d792d7,d9a2eba69ba6350b8552f12c3342f315,5,,,2017-11-09 00:00:00,2017-11-11 23:59:57
dfb3db02188d809d5cd199496b6da87e,69a2e27fe34392681b7b5ab9c5aea437,5,,,2018-02-17 00:00:00,2018-02-19 19:29:19
c614539ffaa06f60ce1a1a86426dd9b0,0c0c0f650ac2a2a5be13771662829d5e,5,,,2018-01-09 00:00:00,2018-01-10 23:24:23
294d7dc59926e45e9e9b0b9496fc4b59,2936486c289152580e86cde8051de57c,5,,,2018-01-09 00:00:00,2018-01-09 14:33:51
7c31e7988ca90b9d8dd1b3b1f7d06cfe,8b811ce1136aa62076a39e8b8957dcd5,4,recomendo,Mais infelizmente comprei 06 lixeiras e chegaram só 05 lixeiras,2018-05-22 00:00:00,2018-05-25 11:41:52
c55ec8f6e4c91c6cc194437451ea29cf,7581e8b8156b3dee7b8898cd0120ad19,4,,Muito bem atendida chegou antes do prazo,2017-04-18 00:00:00,2017-04-19 13:17:58
7d9dee4737977fdeda74b832fbd00918,55849603f5bc2a49b6fbd19620c59400,5,,,2017-03-03 00:00:00,2017-03-04 14:17:02
e71a0f5eb43d138211a17c7ebb853a96,eea28ef28b84c9907e7417c41813bd34,1,,,2017-11-02 00:00:00,2017-11-06 17:48:12
ea23e587d4044e38461af1b328b4bc19,8f3764cf2bebf60ed4e426faefff6ab1,5,,"Produto ótimo, estou muito satisfeito",2018-07-27 00:00:00,2018-07-28 16:22:34
c0ca402c553b4911e2a6683db62f31a9,08d2474dd3622ba4e0992955a950810f,5,,,2018-02-01 00:00:00,2018-02-01 22:51:09
018ad7b91908c9467be74b55616f718c,b9cbf1e1ae5d599ed61a06f92b1eabe6,5,,,2017-12-05 00:00:00,2017-12-06 02:47:29
0bb58123f6605ed5187c4ea975c1cb53,3cda6f52ca254406b2c0ce1ae433a481,5,,,2018-02-20 00:00:00,2018-02-23 11:13:08
d91b82faad931ddd049df6f519678651,f6315cf6215547825532e27ff0be9401,5,,,2018-03-30 00:00:00,2018-04-09 17:45:23
e7598a361c83affd0b7a71bf86805c29,b0a46fa6d7a8afcac44b6e1af2457409,1,,"não Recebi meu produto , ninguém entrou em contato comigo para me explicar o porque e quais as providências a serem tomadas, solicito informações urgente",2018-04-15 00:00:00,2018-04-15 14:23:49
9d7a439689e7017b5bc991700d4d8019,5880c002ad3de7fa88c10cd2412ce5f2,5,,Excelente!!,2018-01-22 00:00:00,2018-01-23 00:57:37
2652e48a6733864d8dd5cdcb5fa72e57,4478be65e69dff16ebd5739137d33057,5,,,2018-02-06 00:00:00,2018-02-19 01:18:13
0206e5771204ddfb468d5f0c3dd1b82b,fef460386535d68be40b5323a195b4b1,4,,,2018-06-21 00:00:00,2018-06-22 10:31:14
a7f467c86ea301cda395bc932654aea8,99e5f0c685ca94e5a1c7134b1898bb1a,5,Perfeito,"Entrega dentro do prazo, e produto em excelente condição",2018-08-14 00:00:00,2018-08-15 00:07:00
e955bebe4236142c7e42da9922b433d5,6c8e518ac12b63752ec2f566bab61b79,5,,,2017-04-01 00:00:00,2017-04-02 17:30:00
3e428683cd7d88fd51df63a51964ea8f,f9d71ca22c3574cb50bd404950d12ff3,5,,,2017-05-24 00:00:00,2017-05-28 23:33:44
ee9e747177668bc9c9b8d95049c1eb9e,8258ee754942254bf787b58cfd650a73,2,,"Produto vendido de baixa qualidade. Película nova já não aderiu por completo, a borda não ""cola"" bem no display. ",2018-02-10 00:00:00,2018-02-11 00:01:49
bc941c708779e7e1cce9ca4fdcf3171c,dca954560c94725cbb8402714b1dc7bd,1,,"O jogo todo arranhado, envio e-mail reclamação vocês não respondem, não gira no vídeo game. Testado em outro vídeo games .",2018-01-23 00:00:00,2018-01-23 15:42:57
cbf61ac2a9251f760d0ee3f229783288,63fc384c8e172e856d4cde83ce2a5234,1,,"COMPREI E PAGUEI, O PRODUTO NÃO FOI ENTREGUE. E NÃO OBTIVE RESPOSTA ATÉ O MOMENTO SOBRE O QUE SERÁ FEITO À RESPEITO!!! ",2017-12-28 00:00:00,2017-12-31 13:43:52
4eabbdd5ea99ab00f724fd10ce1a30ef,ae4f9895e6602f33d89aff8166cf9346,4,,Superou minhas expectativas.,2018-06-08 00:00:00,2018-06-08 21:55:41
05ca650e28c86bce40aac7d14e2e4dd2,c3256d0b41fca9e8892884ca21306c59,4,Bom.,Sobre o tamanho mais específico. Faltou algumas peças. ,2018-08-09 00:00:00,2018-08-10 00:38:17
9fce51f19df474cae5046550740470aa,6cdb86865449a92089579ea715e1c1d1,4,,,2018-08-17 00:00:00,2018-08-18 13:12:32
f1b7342360839f258e2a3af872f94f48,8f1e49888948febad9d7dc3ce8ec85c4,1,,"produto vendido sem estoque, cancelei a venda, solicitei a devolução e mesmo assim mesmo ",2017-09-19 00:00:00,2017-09-19 17:59:54
228eef7ee89b6ff7bdfe5ce8c74dae6f,eaf2e70dfee5cc04c4cf2b2b5d99ff6a,4,,,2017-08-02 00:00:00,2017-08-03 13:48:41
1ba7468273edae8f0e09f8c31c7871b0,d4863946c55e209d189f5ee4e420bc9c,5,super recomendo,muito bom o produto e foi entregu rapido antes d a dat,2018-05-16 00:00:00,2018-05-21 14:14:23
28e5c5c52e622e9a7d4419248eeb38c9,baab3612ca63c93f0c37d880c321bd5f,4,,,2018-03-08 00:00:00,2018-03-09 20:33:16
d9d0f351b6acff2d80d72bf25e813ed6,77e62cfd69f43538aaf8b8cc7392a151,5,,,2018-08-24 00:00:00,2018-08-26 13:28:30
c3225abe556e44f53bee9acf7f618232,76b95d1df7db4efef64048b3f7653dc8,1,,Nao deveriam ter vendido se nao tinha o produto. Pois agora depois de mais de um mes da compra feita aparece no status do stark a mercadoria como indisponível.,2017-09-08 00:00:00,2017-09-08 11:04:59
fc7901a10594208bb1504165c69cea9c,40f00a10bbc6a312ff95f899d72817d1,5,,,2017-03-16 00:00:00,2017-03-17 00:45:03
221f53f6c043da0e5edf4b393958cbbd,126778d3b4dab2077cf95c20808141bd,5,,,2017-07-21 00:00:00,2017-07-21 23:33:21
047022911f329ff440b51d8303c06c4a,e9e7ebde60b33ca371a24f94a52fb499,5,,,2018-04-27 00:00:00,2018-04-27 22:48:08
3e94389de5c8948811f4de72bafdbbbe,b6a54d4f9fd929e75e299ce1a0963094,4,,,2018-05-03 00:00:00,2018-05-08 01:40:08
3774c56067f273218e36d592247be15e,8a8a69afcf838e504bca34a2081a680b,5,,,2017-08-25 00:00:00,2017-08-26 01:45:24
25b7c7aa06686bee530255efead7f3d6,13bc75256bad09f3273a88f49cff00e1,5,,,2018-08-16 00:00:00,2018-08-17 01:06:53
7627d0a22018d37ba0e25f12c50288bd,a9672550d5c4ea55c2d7979c314ecb08,5,,,2017-12-19 00:00:00,2017-12-21 22:54:26
e268029833a209fa95383f09c342ca5a,b8cfc70398c982df76df0917f55d96b9,5,,,2017-09-02 00:00:00,2017-09-04 08:21:08
79e3445feb38613aa75913eae0f3e9ea,657b1c44f7dec3444fa26c61a3b539c6,4,,"Entrega, conforme combinado,eu indico,e vou comprar novamente.",2017-11-11 00:00:00,2017-11-12 00:07:50
1e7e2fd4d421304a14bcb628b7a2f759,f9286b76e6aafcf562039ff69da4ef47,5,,,2017-11-02 00:00:00,2017-11-06 16:12:30
6e76f937e6606383f42a28afe42f957a,6f6d300a348d527dbd7f0ae9cb12aa86,5,,Recebi o produto no prazo e bem embalado!,2017-07-20 00:00:00,2017-07-21 14:00:37
d6508abe59ae47f7060fdc59371716fc,b7f45bcd6165e360a95cb43ced5d5ea3,5,,Amei e super recomendo,2017-07-29 00:00:00,2017-07-30 11:34:34
b1b41f07bc653640b59b1260c16f906a,8a22adf86aba1b368f60fc28338e466d,4,,"O jogo de cama King de cetim é tal qual a propaganda e chegou até antes do prazo....Poderia ser apesar do tecido ser bom ,um pouco mais bem feito.",2017-08-01 00:00:00,2017-08-02 03:46:15
102b2d8c3626706719164fc67d4cbfe0,f211ae6ccda8a2087cb211dfb3226331,1,,Achei os carrinhos muito frágeis p/ o preço cobrado. Um deles soltou a a parte de cima nos primeiros 5 minutos de brincadeira. Escolhi comprar neste site pq achei que eram de boa qualidade.,2017-09-21 00:00:00,2017-09-22 23:36:03
c75eccd75977e027d620f9167e7860fa,14946316e496ee502d12d8fae8ef7d75,5,,,2017-02-14 00:00:00,2017-02-15 00:03:28
b94f5caf39357e20e5b2266432000c7c,dc523b270be716d338c2fbc9a4bcdfc3,5,,,2017-09-02 00:00:00,2017-09-05 11:54:54
16ab37c50c57d6f54f06a0bd3401035a,825df75b7a4b5c436b9d2443f653cab2,5,,,2017-02-17 00:00:00,2017-02-18 02:55:19
8ff70a3b649a7ef84bcae266ad5c5f24,2eb148d17176fe23318301162e290974,4,,,2018-07-31 00:00:00,2018-08-02 20:21:20
ace941dbfae8fa4a26562e334e3d8ec7,482d48c0b0eb255bd818a6e6895fb686,5,,,2017-08-04 00:00:00,2017-08-08 20:15:42
0ecfd06a1a33161f41f0c455d69d257f,af6bc55bfd7ce78e903212e971ad1bfd,5,,Muito bom ,2017-11-15 00:00:00,2017-11-15 23:25:28
839e3c951d42032ee4c7d65b47232939,7485a2fd25ea2d65d745b44dce5872c7,5,,,2018-08-30 00:00:00,2018-08-31 11:51:16
a025f9db4a817224ca60f74028cc6a46,7f6869a3fd153355d77a58638035dc64,5,,,2018-05-19 00:00:00,2018-05-21 19:19:58
376c23240f8f0ed3279ce924b0d6a260,f494e4f6b6de7aeefe3af00acc8b3426,5,,,2017-06-24 00:00:00,2017-06-25 23:17:11
fe2b23ad0ceab842bfd6243e89401290,b574f97b093ad4bc022f420344327e12,1,,"não estou entendendo porque meu pedido ainda não chegou, sempre comprei pela internet e isso nunca aconteceu ",2018-03-25 00:00:00,2018-03-25 12:32:33
c270f13515c6ac91b36142c139960356,f8e1c556dbd76c6784f4283973f0095f,1,,"Não sei de que e a culpa se e dos correios,mas ate o monumento não recebi meu produto e já faz um bom tempo que comprei, comprei mais produtos os outros chegaram mas esse ate agora não.....",2018-03-16 00:00:00,2018-03-16 22:51:05
74b7d2a5b8cb45435ea0189836d400e1,79f5e74dabe875d72cac7b0e80b66cd9,5,,,2018-06-22 00:00:00,2018-06-28 00:28:51
3163f181a888c2a1ab13a5c69334358d,d4de2f5093e11fecfa11da7ea4a09a21,2,,"Chegou, mas somente a caminha. Estou no aguardo da coleira e do bebedor. Por enquanto nem me avisaram que seria enviado depois. Nem um contato da parte dos vendedores. ",2017-09-05 00:00:00,2017-09-05 20:33:49
27f20f535972b8ddfcf21eb0b191dc3d,fe2acdc8b73107a92358adf3005a5433,5,,,2017-09-09 00:00:00,2017-09-10 14:58:12
22591e74778cc4a43743c6b73075ce96,2380ca3ffd1097862f0f1f9b8f7c566f,5,Excelente ,"Super recomendo, produto excelente.",2018-05-24 00:00:00,2018-05-26 23:08:24
a11909011b050f63d4ab83d60cc973f4,eaaf4c10be63cb2ea3e02a7512d4d397,5,,,2018-02-01 00:00:00,2018-02-04 00:27:06
308a93952647599711f71a5a137a8d05,b0f8126b6f93fb75365140979fb5d865,4,,,2018-04-12 00:00:00,2018-04-16 11:59:04
4d3e1bece5b0cf7c4fbb235323059407,aa0b425987bdeae4a29c616a2bc3a08a,5,,,2018-08-02 00:00:00,2018-08-06 10:48:15
4a937162d6149711938526b318860d47,3b67b88a0baffb745d55e7f74416756c,5,,Super recomendo super atenciosos obrigada adorei,2017-07-14 00:00:00,2017-07-14 23:34:20
c2e8167a334009fbeabc3d8b825ba798,8366bc5a7f299fe8b982e7e3e4aada34,5,,,2017-08-08 00:00:00,2017-08-10 21:14:38
2bef283f4d0097aca1aaa5ed8de63ec6,08a1ae3618b37c278906f99c6a97fe1d,5,,,2017-11-10 00:00:00,2017-11-10 22:27:39
0854330d94b0f816dc1a6094e1d297ca,38ba1e9f8530f9ecdce64d3b724bd81b,4,,,2017-12-28 00:00:00,2018-01-03 07:09:28
4e822e9d91ee8bd1ea95d9069b3e52c2,17a7c61884c9f0021e21a4f8fb2724e7,4,,,2017-04-07 00:00:00,2017-04-07 21:22:21
0d81d21f4aeeebe896fc464ea964bb7a,9cb8c7bd7be3365cd019f27478f6f974,3,,,2017-11-15 00:00:00,2017-11-15 23:11:10
7bb5d01bec845ceca32075b964d42bf7,88b0d1de10197395da81fd94176b7562,5,,,2017-07-13 00:00:00,2017-07-14 18:26:37
33cedfe9bfa9e4c3cc5467574e51436d,1a6c3832fcc2947c38b41bd24fe0201e,5,,Muito obrigado mais o Banco do Brasil bloqueio o meu por conta ter feito essa compra ,2017-07-19 00:00:00,2017-07-21 23:51:58
5823e385efa18960d6c056f146001841,872b0a6374bd5ab3b5ade0ebb28ff731,1,,"Produto de péssima qualidade, veio danificado!! Dinheiro jogado fora!!!",2017-12-29 00:00:00,2017-12-30 01:54:37
396788ebc412b868a3de8756946f9215,cc11801c1a3fe1bf0c3866b6890e8dfa,5,,Chego antes do prazo,2017-10-28 00:00:00,2018-04-07 11:06:55
3010dabed1e28d4fba70b0f3f73ca58e,4aa4117ef80bbe1e9457269d73a68580,4,,,2017-08-16 00:00:00,2017-08-22 12:40:26
35a6d197924fc408dc23840b34ae0514,46ee6eaca194413758f200a6974b7e4d,2,Propaganda enganosa,"No anúncio diz 240 capsulas mas só recebi 120, caracterizando assim crime de propaganda enganosa de acordo com o artigo 37 do código de defesa do consumidor 
",2018-05-05 00:00:00,2018-05-05 21:42:59
31dc1558b32029898382abca2af63fc3,6c30e2815eb0730bf19b705661fc46e6,5,,,2018-01-14 00:00:00,2018-01-16 15:32:33
f09976875d9c9c1f56797183355c6ab6,5ca436931d761c22f7015e6ef5fc33a4,5,,,2017-05-11 00:00:00,2017-05-12 11:06:12
219cf59cf889bc85babbd1cd1fe30f2d,83018ec114eee8641c97e08f7b4e926f,4,,,2017-11-09 00:00:00,2017-11-10 01:06:29
5004f61b7eb06095aeac9f14ea46d688,56977f88a655bfbcd1e8f20a20959f5b,5,,,2018-08-01 00:00:00,2018-08-02 09:00:55
63a627994480ef6506a6d9ae9c2a7418,531adaed1a1981c1cf381bbf3a4a3895,3,,Não gostei dos travesseiros. Na propaganda parecem diferentes da realidade,2017-06-22 00:00:00,2017-06-26 12:58:18
66eaf67be4bbb0cf646fa7d0c263bcbd,17c8db71a75ad66669e25fc85341e6a1,5,,,2018-07-31 00:00:00,2018-08-01 11:16:23
633107c3b506eaace68250e59f6fc53b,0bd81c3fc5ab72f8089147192cfc3f5b,5,,,2018-03-16 00:00:00,2018-03-16 18:51:23
699b9be084b2b584ff201a248bd4be32,5b07dff7faf4d9f1e300b2fe45184140,5,,,2018-06-06 00:00:00,2018-06-08 15:12:44
c58062cc5e089c2a336df7d313229a9e,c5f9e30c93b97be929f41b676e11023b,5,,Muito satisfeita.,2017-05-20 00:00:00,2017-05-21 15:02:46
f5fc6b97963a2669a50dc05d0bc98669,b60191ed39f4273d4a1710232a220651,4,,,2018-03-13 00:00:00,2018-03-13 19:39:31
774a41059726e6ae382781d5b74e75f1,726893c7634806ba896815b5769e8097,4,,,2018-04-07 00:00:00,2018-04-08 20:07:58
b18e318786afa8f9ce97b4249e644d0b,595316a07cd3dea9db7adfcc7e247ae7,2,,Foi me enviado um produto divergente ao que foi comprado.,2017-08-18 00:00:00,2017-08-20 23:29:05
62da2c66bbf810a48bc0bbca17af4bab,92c10d3fad01ec9df6ccf1fc0461ac60,4,,,2017-07-12 00:00:00,2017-07-15 15:22:06
4a91ce5c7d1aa9a350411b37c86e88ee,b427e0ed8b6a3055c62312f135330e7e,5,Tudo perfeito,Tudo certo ,2018-05-11 00:00:00,2018-05-12 18:15:20
fb849f691f52023ea3406dcbc5b32ed7,92295e7114a22f7180b04673e44cda17,5,,Simplesmente tranquilo e super satisfatório comprar nas lannister! Parabéns pelo comprometimento ,2018-01-25 00:00:00,2018-01-26 17:38:07
6439dfc994691fce5cf94a964166ee06,7e2ab154f3fc2e53ff80d58b7647b787,3,,,2017-12-28 00:00:00,2017-12-30 08:50:00
b962f302b43079158e183fb525f4eb9d,744b5f76be2964239912826181a4cf54,3,,Bom!,2017-07-27 00:00:00,2017-07-28 10:59:43
7fed54f6eea21eb2b9f9a8340efe0555,6cff0bbcafb7486dd85cda3c8171cf9a,5,,,2017-09-20 00:00:00,2017-09-21 05:29:05
79428e3c27400c51dfa85ce3191cdc50,ed530e8c3450732950ed6d49e2cf20eb,5,,,2017-12-14 00:00:00,2017-12-18 20:56:47
fccec950451997b3b143fca47b0256ce,35ed6b2bbd7deca1e23166bbe62f49ca,5,,,2018-03-01 00:00:00,2018-03-02 01:35:16
cd311866032c4bd72c51b4d6c2e66c86,f274085054bdfe367afdee18bb4e5555,5,,,2018-02-23 00:00:00,2018-02-26 12:43:37
86c939580304eb332f3fc6989f2446ec,e760839bf2e95526c08cd98abaa16804,5,Lindíssimo,"Adorei o pendente! Ainda não instalei, mas vai ficar maravilhoso na minha sala! =)",2018-08-22 00:00:00,2018-08-22 17:43:49
5b5d6671a9a749006c26373a40707158,62bc181a6d897eba7057bb531ea5f094,5,,Exelente atendimento e entrega antes do prazo. Eu recomendo!,2017-10-06 00:00:00,2017-10-10 23:23:28
7ca10e3bb1fcea458e71d37c503cb743,077700dcf4e3bb4128459fc825a4056c,5,,,2017-11-30 00:00:00,2017-12-02 22:36:46
5b4fda2a0388ac94a9b51e27d03f8c44,e3aa3b61037e281dedb26da2882983ae,5,,,2017-06-03 00:00:00,2017-06-03 18:57:38
8c712b5752f9839d49975d392775cce6,f0cd34ba1dce8cb8adc7e3b61fa0bf2e,4,,,2018-04-17 00:00:00,2018-04-18 10:23:28
9ee5a3f629239415de7e5bc7bfcd4bfc,7c0ed8940b941dd6795dbdf0eb639195,5,indico,,2018-06-16 00:00:00,2018-06-18 16:51:07
c6cff776f136b6e0d68112eae8d20a98,ad20d0dfe5b91c07df72dff0206aacd9,1,,,2017-11-11 00:00:00,2017-11-13 08:51:35
88c2ca4a145483d52752ab4aede53585,5c2049caca936695cfa43805ebe7d8e3,2,,Estou sem trabalha por que o meu kit de tesouras fio de navalha não chego e eu quero receber sou cliente a tanto tempo e acontece isso comigo como vai ficar minha cituaçao ,2018-03-17 00:00:00,2018-03-17 09:17:56
557cd6dd6418f0537fe8bc50b41b7c80,dd1b512cf445a2e1d58c294c4d5093e2,5,super recomendado,,2018-08-02 00:00:00,2018-08-04 16:40:57
495b3621654bfa0af2a08d9347606c4b,87334ea6311529ce3e36b18350d2d4b3,5,,,2018-02-01 00:00:00,2018-02-02 01:37:30
3fbad5f75cfeea8a3bca0bfdfafc67da,37726a8b1cbcf77034870df2521be6f6,1,,Meu produto não foi entregue ainda ,2018-03-30 00:00:00,2018-04-01 12:43:20
c55bfe40cbaabc940aba2d5659c16fde,53366f56110f65cb92e10f720b3679a5,3,,,2017-12-08 00:00:00,2017-12-08 19:34:39
fdddd8fc469a8a31eb75154c60d918ee,937f398435f7bef62c603d5fdd43a910,5,,,2017-08-25 00:00:00,2017-08-26 13:18:12
bfe97295d8f0b2ca45d107afed0cd5b3,6af34422605e4c1a3e73fe06c5deef22,5,,Ótima loja entrega é excelente,2017-09-14 00:00:00,2017-10-03 17:58:12
47db31edc603b551d8b618e11b3e49e2,bbeea8dfee8c14c1cf2d53c17971b6c6,3,,,2018-05-03 00:00:00,2018-05-03 22:20:44
5bbff0a22f0ea262d7d9245b1e415932,eb11baac49ba71da35079fcbf17517a4,5,Dez,Ótima entrega. E o relógio minha filha amouuu.,2018-05-23 00:00:00,2018-05-24 00:28:51
828b84021bb9e0ba7cd66b7f521835a6,7553daebc4e13baf328211dddc66a648,5,,,2017-04-06 00:00:00,2017-04-06 17:07:16
719679b3a4d69edafeb252a1afc7ddcb,b2ec9793219a396874af11e39d08f183,1,,Meu pedido foi de 2 produtos. Dois lençóis casal com elástico. Porém no ato da entrega recebi apenas um deles. Solicito que seja verificado pois paguei pelos dois. ,2017-11-08 00:00:00,2017-11-13 20:26:42
8f9299e685db3b6452c24b44aeb6ae7d,2e659942e3780146fb97c8e211ba2d85,3,Bom,"Mas a entrega năo foi feita por completa faltou outro trio nichos, gostaria de saber se a entrega vai ser feita em 2x",2018-04-29 00:00:00,2018-04-29 15:14:01
78c42eeced15b09ef230075ef1eec005,6241d4d4f892b5cb3ca99b0f1cd18375,4,,,2017-12-23 00:00:00,2017-12-26 00:43:59
7cdd12e9c043e48cf2ecd952973a84f1,d2ce7421730f81ac57551e623ed3522d,3,,,2017-05-18 00:00:00,2017-05-18 14:52:14
889fc14289f455b869552273772dd103,6683aa4f73f7869ec65ebeeef53f700b,2,,o pedido foi cancelado conforme email de vcs em 08 de maio,2017-06-01 00:00:00,2017-06-12 15:36:16
d5fdfc05b7094d6a69542decb4957bb4,a8e1657f8ba8503d95b3da051b7c7343,4,,,2017-06-23 00:00:00,2017-06-23 23:10:21
189edc5ccfcce54a90ea284275d9fbc5,65d20cd74349cb427d7feec3567a6fd0,5,,PARABÉNS! CHEGOU BEM ANTES DO PRAZO PREVISTO E O PRODUTO É MUITO BOM! ,2017-07-14 00:00:00,2017-07-15 17:48:23
e208d3834caab4fc7bfe391880808cd5,2d57932a94a64e0729ec5b88b4860d0d,5,recomendo,"otimo vendedor, recomendo.",2018-04-26 00:00:00,2018-05-02 14:53:41
a9c3c8055e8eee23cb5a8ae5ee3c5f4f,be55e32a03c6067d7fac887a8f607d11,5,,,2018-06-06 00:00:00,2018-06-11 19:44:43
38bcaf95057f842c3b64408733eaab1b,ca36cc19c0a413c8f724ae07323cd2cc,3,,Só recebi um produto. Consta que já recebi os dois. Não recebi a sapateira. ,2018-04-28 00:00:00,2018-04-29 01:11:49
351039eac3bb9f7b7138b29532b44f31,cb5c1ad1fb0068c83523238259a8e930,4,,,2018-06-20 00:00:00,2018-06-29 14:10:56
8299b2279e391cf934a93764c5da600a,98e791b684692cdd750ed6ee926c3ce0,3,,,2017-12-09 00:00:00,2017-12-11 21:06:35
eed2eb64187532c5efc896f6bc2f1c2b,53a9c421cf0e7129393a754a4d15b935,5,,,2018-08-29 00:00:00,2018-08-30 11:38:27
b1ba6f3b70a7a2404fa8d62607a556f4,2b412aeedb11e28a767792c75ae47a1f,5,,,2018-08-22 00:00:00,2018-08-23 01:55:30
a1bd2c65f36d277952bbe02c69fe4a18,244e081969a4166ee413ecc790807e53,2,,"O tapete grama sintética é de qualidade muito ruim, desfiou inteiro no primeiro dia.",2018-05-24 00:00:00,2018-05-25 02:41:55
be207ae469f39c13a2b30ad368358fc7,7073808620bfe344668e896056584155,1,,"O produto veio com uma qualidade bem inferior em relação aos brinquedos que compro na loja,não gostei da qualidade do brinquedo e não recomendaria a compra na loja virtual só na fisica",2017-06-29 00:00:00,2017-06-29 19:07:29
bf886022cb9e06cf0b6191b9c4dcb934,612d5630822f4796875619b3a6a7b481,5,Perfeito !!,Muito feliz com a compra. ,2018-05-15 00:00:00,2018-05-21 19:22:56
0e5f81f0cdee69fe28aeac6379bfba8d,69d7a6c47dc11a476f79514694809c60,4,,,2017-03-31 00:00:00,2017-05-12 23:44:22
5e518b8173852ae3962e526490979a0f,f3f65564546eca69a8247a280e51a77b,1,,,2018-03-10 00:00:00,2018-03-10 11:36:01
c1e53510ab2edb21f4e7c340613d3b91,abd313023a7b029da2e5e4b6a4e49095,5,,,2018-04-07 00:00:00,2018-04-07 23:35:41
477469fa59fb7f087199993bc8eb034b,2c35215a3c576f6e51d0012fb4a8cb3b,5,,,2018-08-21 00:00:00,2018-08-27 17:14:08
6441b54d92528c8c2fd0350eb780891d,98da8355e186d682f0013046d8ad6db7,1,,Meu produto não chegou....,2018-01-10 00:00:00,2018-01-10 16:26:46
2775c0a680f1914d69eb2eb72ac8c03e,e0316057201638c364f3f54c86eebdcf,5,,,2018-04-19 00:00:00,2018-04-20 12:54:44
ede9d3314fe0b36cb074e49b43f1ac73,861f30de872d5ebf55d9e66a880a5c8e,2,,,2017-05-13 00:00:00,2017-05-15 16:59:34
9d6f97eec798d3041b8c28276c6e20d3,97d8101d1c704d437f9dfae4bdd530fa,3,,,2018-04-14 00:00:00,2018-04-15 01:03:41
5865772d425d22270d8b3f163d406f4d,94d11959aaf59b91e540d476c100ee92,5,,,2018-02-06 00:00:00,2018-02-09 01:35:01
a918070634830797780dad0b452e2c8f,b6bce07e667be9039b22c511e12bfc0f,5,,,2018-01-31 00:00:00,2018-01-31 22:53:34
d8e4f644da642d082dfccf8797909e3b,f55cb4fd8cb8b16824c2912514216b2b,5,,,2018-01-24 00:00:00,2018-01-26 14:30:56
4300f0074ef86077eb40041add57c289,49fe48be474d1436868ce63799d879ad,5,Indico,"Ocorreu tudo bem em relação ao produto solicitado e prazo de entrega, sendo que a entrega foi muito rápida, só não posso ainda qualificar o produto (jogo de chaves estrela EHC), pois não foi usado.",2018-05-05 00:00:00,2018-05-06 01:49:26
f867f4af1f84152501400986c565f012,f3290f4b0c78e37eff2ade0174b0c307,5,,,2017-05-13 00:00:00,2017-05-14 01:14:35
a5e6aa5dd537c6ac9390f7d95c27b1f2,80fd1b0b81771253d43532f41d575d39,5,,,2017-11-07 00:00:00,2017-11-08 22:46:38
d6380dea91c2e835508111815ea06f0a,bc9a4a9c385277a723b04b122fe58e0c,5,Nota 1000 ,"TODAS AS COMPRAS CHEGARÃO ANTES DO PRAZO E EM PERFEITO ESTADO PARABÉNS ADORO VOCÊS FAMÍLIA baratheon 
RECOMENDO A TODOS AMIGOS 
SOU CLIENTE A 20 ANOS E NÃO TENHO O QUE RECLAMAR 

",2018-07-24 00:00:00,2018-07-28 14:29:12
84ec94f1a6a986d840ad97912dadb67d,2f2c7830ba7d481daf04619aafd7878f,5,,,2018-05-23 00:00:00,2018-05-24 03:04:25
5597b099dcf0839517075fe8ccb42b00,607ee697173850d7eb749c1fc01be313,3,,"Em relação à entrega e à loja, tudo certo. Só achei o dispenser muito frágil e pouco prático uma vez que é preciso bombear muitas vezes para que saia a quantidade adequada de pasta de dente.",2018-04-10 00:00:00,2018-04-10 15:38:05
6ca8c7cfc71f4c75b2eea66a2a8e957b,5f56bb9578e8e67b832dec24bf5e0a59,5,,,2018-03-15 00:00:00,2018-03-15 20:45:33
ff42332b7ffde8f6f8390f356af62efb,813c637484948baa6c0e02abefc2a204,3,,,2017-11-01 00:00:00,2017-11-06 12:00:02
f036604ea781f8d231facd99584692ec,66c0ba5488a397208076ece07748d0fa,5,,Ótimo,2017-09-14 00:00:00,2017-09-15 02:16:28
ecefac93830be5baf9ca154f84be2728,e1bee8e7f813a2a119a1296c6fafdad7,5,,,2018-07-31 00:00:00,2018-08-01 01:52:17
23aafb33fe6fa8ccf9f9dd06b010b9fc,82e098e90be56ba3b67aca2e1ba26fdb,2,,"O maior problema foi ter de buscar o produto nos correios, que não era o da minha cidade. Absurdo ter de pagar um frete que não é barato e não receber o produto em casa.",2018-03-23 00:00:00,2018-03-23 15:46:12
387e4fb00c3823fab25c25d4446840a7,4ae41a4932898dbf49f39d10745ba16f,5,,,2018-08-22 00:00:00,2018-08-22 22:58:50
e7d314f3dcb73798aeb5a9ea6ee9b972,237377b772b133dc1eae831d81a1005c,5,,,2018-02-01 00:00:00,2018-02-01 23:17:58
8a3dc5f0007cc302cf376cfb723189d8,50049a00b862d9b72dda26d6e7c38d6d,5,,,2018-06-06 00:00:00,2018-06-11 12:26:20
d45adf4e85b8d379a0a90ab1d767ec97,8347204e1ae41b2ad30899fa41a0a889,1,,,2017-03-25 00:00:00,2017-03-26 04:51:23
b1146910cd5ad602c0475b559e36830c,7107c5823a581db0314f8f0fa95f61e7,5,,,2018-03-23 00:00:00,2018-03-24 03:07:23
7953cb0b57502ec294837072c1549db7,f47934b85de99a093567443e2eada0ef,5,,,2018-05-23 00:00:00,2018-05-25 14:41:02
fc83ab366f995fa3ac93b634a8255ec9,2cf6d5c8b5d68450841cfcc272ec3cee,5,,,2018-08-22 00:00:00,2018-08-23 09:05:42
9e68a5c1edc97e183d88f9b9b89a0111,d486475824974ef6fb73375f5a50e465,3,,,2017-07-05 00:00:00,2017-07-05 15:40:41
a0e6fd41926d57fe4cca8af2e42d8a2f,0b61dd71ead1e65e9d50db5b89cb5cc4,4,,,2018-06-21 00:00:00,2018-06-22 00:44:42
f38c4c0384cca62ff3d070a9a00e5972,71e71375082a5e27ffdb861ad5c1f847,4,,,2017-05-25 00:00:00,2017-05-27 23:46:38
92989294586bee19fed71454b2a77611,d15198b65840c4ec11f3f0d074f92cc4,4,,E bom custo/benefício !,2017-12-07 00:00:00,2017-12-14 12:18:09
8745daac589dfa854353c48be93c8fdc,a2d2cba2241c7e5f2de7e9e3ed12250b,3,,,2018-03-17 00:00:00,2018-03-17 18:00:24
429edb8d1c431369f9e2efc7e1c45df0,a01f80b1c91dc99c91af4f252c072052,5,,nota 1000,2018-01-30 00:00:00,2018-02-03 21:08:36
94c670d028f5f1161e94f469277e24e1,671d3f16cc641e15fb8b5df50be64cac,5,,,2017-07-25 00:00:00,2017-07-26 12:27:39
acb2fc48cdf2e2791cfcf986b913460f,9d213668c4ebe6456b23732ecb5e3dd0,4,,,2018-05-18 00:00:00,2018-05-20 16:25:05
b401bf73c00703107715df87846baf89,e957dd85ec954750362d63f541339f4c,3,,,2018-04-20 00:00:00,2018-04-20 15:41:37
dbc518e2873392698db626985657a407,393654d81daf611630ac2068a7c9b12b,5,,,2017-11-08 00:00:00,2017-11-08 09:57:14
3f00e1989b4be5202db8b24e13520d85,9f7a5181d7e444fb3cc09b5cf99d417c,5,,,2018-05-11 00:00:00,2018-05-12 02:47:08
5cf2a701def88cbc0317b30c867cd457,2502637317f775ba447bdb648a18f213,3,,,2017-09-22 00:00:00,2017-10-03 23:52:30
a66f56bb7457bb5fb66df53bcc8344ec,2395fd4999715780712fd089ccc57d50,4,,Tudo correu muito bem. o que não entendo é o preço muito mais alto do que começou a ser cobrado pelo mesmo produto no dia seguinte.,2017-08-02 00:00:00,2017-08-05 22:56:27
d2a09ac205127f576265837b686126c4,ab4d0987c77bb6437a463c0b0af774e9,2,,o produto até entao nao chegou nao.,2018-06-07 00:00:00,2018-06-08 08:41:12
2e897f711f0dbfcaac07a15dc56f24c0,f511be94d46f57276567f27512e0c304,5,,,2018-05-20 00:00:00,2018-05-23 13:49:05
bdd161128ba3cf1fed1b6fd01b4afb6c,a1c87156ca249199bbcd96fbfcd0296d,4,,,2017-09-12 00:00:00,2017-09-13 04:37:59
9079b17a07c1fbf59d66ba8b5cced421,374fd048ff590c1059eb5d4fe2d892b4,3,,,2018-07-28 00:00:00,2018-07-28 23:23:13
48f3bafefa8cbf5081b3b910d9076ba0,bb096d0ca9881c6a7513ca2e0ec4fcba,3,,,2018-01-04 00:00:00,2018-01-06 20:43:55
2a6c3db8760a0ee868e45ffb60c5ea3f,75ad912f0b81298161aeabd41c9ee843,3,,,2017-09-26 00:00:00,2017-09-28 06:52:24
e8597d1ce8d0ea525457372b8235e4af,511665064721c1e68628a71b176c81f9,4,,,2018-02-17 00:00:00,2018-02-21 12:07:42
6da036905bd1d6513f0c9bfac88c0673,1f11f0ab2b0ec59d0ec45f7f810a04f8,1,,"Nunca tive problemas com stark.com, mas infelizmente dessa vez errou mesmo. Pedi uma mangueira de entrada de água e recebi uma mangueira de saída. ",2017-06-29 00:00:00,2017-07-02 02:33:41
ced61e1b228225abf9f2d18a6e1808f4,b5c61b4a6a49433438da01c86ae0db90,5,recomendo,"A entrega tudo em ordem, não tenho o que reclamar, chegou bem antes do prazo, com relação ao produto ainda não sei pois tomei apenas 2 até agora.",2018-05-19 00:00:00,2018-05-21 22:09:56
93a66b31621ad3d29c44ccc9300c91dd,064e219a982901ccffc2d33432b77a2c,2,,,2018-04-21 00:00:00,2018-04-26 16:20:02
4ddff1d3ec3c601978e63c1907924fc4,3237491ee1f51f346e175b2dc581b734,5,,,2018-05-04 00:00:00,2018-05-04 19:27:46
7b966764bb6f5a4aeeefeab0f6bffb50,059511087f2394ebd55a674537a7c2cc,4,,,2018-03-16 00:00:00,2018-03-21 20:55:50
938cba7d09283ba35816a4b15568e737,79727706d7b541683bd5e4f0d1554076,4,,,2018-05-10 00:00:00,2018-05-10 20:47:48
f3bee72831874ed415fdf5134b9562fc,66eb2e45baf0a88a06f8d17a1e756ff6,5,Super recomendo,Os quadros são lindos e de otima qualidade. Me surpreendi com a compra! muito satisfeita!,2018-05-06 00:00:00,2018-05-11 17:18:05
e9d8b8221199e53f83a830deb0af099c,44eebc94f0d68e1da78cc8e088db945a,4,,,2018-02-21 00:00:00,2018-03-01 04:28:58
e0ec3ee0c33d0cc21d4b333801bee4ba,3243b6004aa13062aab8b5d81b54fc98,5,,lannister otima,2017-11-07 00:00:00,2017-11-08 21:57:22
565c8e97b73ab14acc4a428a57c68174,eb8513707837541914345e946218aab6,5,,,2018-01-19 00:00:00,2018-01-19 21:54:37
35ffca53626164a1eeb870b0c759a0f9,38db3f25d229356a18d8edf5a7bb4227,5,,,2018-04-24 00:00:00,2018-04-25 11:21:53
1565372ba8641dc3fc9196a448b8f243,d595973d4fba0efe337a336386f42893,5,,,2018-01-12 00:00:00,2018-01-13 11:07:51
727c72c815435ff62629a6509948cf2d,b9224c19c5ea3ae062a0141931846476,5,,,2017-06-28 00:00:00,2017-07-03 03:08:06
e331fff8d7d33514b80fdfcfb18ddb15,3127891eb38cfdbbe6d5603c658c1509,5,,,2018-02-19 00:00:00,2018-02-22 00:40:08
52260826fd5fe331cc83df5ebaeb9088,1bac02bfdd8111598166cfd80270ae29,5,,,2018-05-08 00:00:00,2018-05-10 14:30:24
5d9e701391b67b1b524f29ef4df772d9,a1a43def14457b1136b6fb625b7553aa,5,,"A entrega foi super rápida. Fiz o pedido no dia 27 a noite, recebi o produto no dia 29 na hora do almoço.
Ótimo produto segura bem até as facas maiores, veio muito bem embalado.
Loja está de parabén",2017-12-30 00:00:00,2017-12-30 14:41:44
44c6ad904f2ac31920c366ca8ee13b6b,fe61d39dc8fd87c57829284f6e254e7a,4,,,2018-04-25 00:00:00,2018-04-25 21:01:14
373f0193a1ed15b7a2b2c90f17df9e29,958b8e9133a304e7c9e17632ee9e7e7e,5,,,2017-11-07 00:00:00,2017-11-07 17:34:58
1c8eafa6d726c6e4d77b52c4c88af1ee,e871719502deacb16343832ef4623a07,4,,,2017-07-13 00:00:00,2017-07-15 23:49:52
a0b3a06052d46c8d8fbbc088f2f7edda,03976e284ff273b3e5fda450030f32c1,5,,,2017-09-13 00:00:00,2017-09-18 13:30:07
3e3bda1b62e8f4dec35845a50f9ef251,0a38b7de941db65679a11a300f782703,2,,Loja demorou um tempo inaceitável para sequer postar o produto,2018-02-23 00:00:00,2018-02-23 10:22:26
4341bb537aed58352f703a26f3249951,29b821b6d11aa7db50368287e7d8d9fc,3,,,2017-09-07 00:00:00,2017-09-10 00:32:24
ab6b7c5d3391999b753c0bf4a994a6d2,08af87fbe33eeebc7840433d94718046,3,,Pedido cancelado mesmo antes do despacho. Irei trocar por outro produto,2017-05-19 00:00:00,2017-05-21 13:15:57
ec39543ecae141e1f08cad65b547f556,455c3e2713829a42bd8d371c9c784d17,5,Super recomendo,Material excelente e entregue no prazo. Amei.,2018-07-28 00:00:00,2018-08-01 17:17:24
69716365387e3bec7c2ebe69e4a6e1ec,2c4b204bb99eaca32b1f3cf0e16f4c14,5,,,2018-07-21 00:00:00,2018-07-28 16:59:39
07101901b1133bbc2a6e60bfea80b3fa,6c7cd83914ca57ceb8c205d80630e699,4,,,2018-08-11 00:00:00,2018-08-13 20:42:50
52e68ac66571c399fd48bb0fd0ecd539,87c528a3c65ddbbfe35e69c95f9031b8,5,,,2017-12-16 00:00:00,2017-12-28 11:13:33
f4fd01c1cfb418150d139bc91a135482,6e35fab28a9f5bb616818cda6eabbd71,5,Muito bom," Entrega no prazo , gostei",2018-06-16 00:00:00,2018-06-16 22:09:36
c3975c661b1aee252183caef4a40bf9f,5c4ec0b02d869e3ebd5468a344b99268,4,,,2018-04-05 00:00:00,2018-04-06 11:42:23
60d918c6fd082c167e4f45899f60a06a,9151980bf2e61bf804e48072ea9652b3,5,,,2018-07-03 00:00:00,2018-07-05 16:25:26
82a056671e2d19fd4abab931c7327a4e,a0d9d006e35f0bcdcd62b6a56157ae3d,3,,,2017-11-12 00:00:00,2017-11-12 19:00:45
61038835a65b5ed9890251ae1990dc46,72c6b387a8a7211c63a087c477cc8458,4,,,2017-11-05 00:00:00,2017-11-05 21:24:48
e10ea1a61daed2b4ccb5498089ff5755,a1dc31acde1a4fdecc6147fb567ebc1e,5,,,2017-05-25 00:00:00,2017-05-28 00:35:20
b6586672ad9d3926f50c9e3e681318d1,3d02ffd53fae296eda2c7d777ab2f4ab,5,,,2018-04-14 00:00:00,2018-04-16 19:15:01
1858b4e3f929d501203644865b571c76,561e1660c58ab3daf4a9176547f0259a,2,,Entrega vagarosa,2018-04-04 00:00:00,2018-04-04 11:49:06
4b904307e6b2f94c8a900cb37b0c7d06,dd8685cc92ade5d98e60812dfaffb087,5,,,2018-06-21 00:00:00,2018-06-23 17:01:23
f85ae141a0d912defb1c690f27ce57ce,c147eb82165b5b541fc943d0747eede3,1,,O produto chegou diferente do anunciado.,2017-10-15 01:00:00,2017-10-16 14:46:21
051f4f99db72c01c608a563239d5cd29,e02513d56c28c7f7f0050e48ea836c05,4,,,2018-06-09 00:00:00,2018-06-14 09:14:50
d69f22dd86b1eee1f077a1d2bfa800f1,195f299b40b4d78afa81a4109b618c02,4,,,2017-11-28 00:00:00,2017-11-29 20:41:37
281ccd95b1daa24d672a9204c623cda0,f45d992f8c9a6be367fa7fa47feb268d,5,,,2017-11-26 00:00:00,2017-11-27 10:33:47
8956cd31e197d44f9f5ea59e7b886610,f4c87e038db78ef275deab58f19e5bd2,5,Otimo.,Empresa parceira do baratheon de confiança.,2018-08-14 00:00:00,2018-08-15 10:40:46
e7ebbc3101b232956c08245aff8ee290,1bde74ad752bde97abfa57a9a7461ff3,5,,,2018-03-08 00:00:00,2018-03-08 13:48:39
f43672285e45de76d4355a6847b980bc,aeb5c78d2d8968b2a53ac5d6a554cdb4,2,,A embalagem chegou toda danificada. Tanto embrulho quanto a caixa do produto.,2018-01-28 00:00:00,2018-01-28 18:19:45
f43ae7961d461a53c64e7f4e59ed480a,853927b32b0ebc007ece729a314338cd,5,,Satisfeita! Tudo conforme o esperado.,2018-02-22 00:00:00,2018-02-22 19:56:28
cadd2f774391b4c68512a246535a169e,8cb5fe50fcb1a1155fa2f27857895eaf,3,,,2018-01-25 00:00:00,2018-01-27 02:18:24
45cf9ff3b04c0ee99605a0c704f20e07,85a5c526407a1b180dd5bccc622be107,5,,,2018-01-20 00:00:00,2018-01-21 13:12:24
c05a4d6e4047606435d269ddbb75b86d,35bb1b3031083af8db2b6b4f25ada550,5,,"Apesar da empresa ter enviado o produto pelos Correios, pois todos sabem como que os Correios atrasam as entregas, o meu pedido chegou rápido em minha casa (em menos de 1 semana). ",2018-03-24 00:00:00,2018-03-26 12:16:47
ded88c5473dab138742967f0a68f56f7,29455cc4cdaac794ccacd95639a157d8,5,,,2018-08-28 00:00:00,2018-08-29 00:58:27
9c02b23bdad254e2c6b6ea20bb4d2f21,0d4429188b4311015ad2b6b091cc5f9c,5,,Chegou em dois dias! Super rápido!,2018-01-25 00:00:00,2018-01-26 01:48:39
9a55e25487ed36136b7f5b5c4058ef3a,0bcb914e60bb0de6160699483722bc0d,4,,,2018-05-22 00:00:00,2018-05-23 08:30:08
7428934dc38633d863711567fcc1d567,002c9def9c9b951b1bec6d50753c9891,4,,,2018-05-19 00:00:00,2018-05-21 19:39:17
636cb9ff17c47785dca609c40002fe87,4db394cc1f82f9677998cce47b3bfd21,5,,Muito rápido e o produto é de alta qualidade,2018-04-19 00:00:00,2018-04-19 21:10:54
852369b79a645bdefa051d7f59bf2afa,969fdc39db9756c2248743d1471f96f5,5,Satisfeita ,"Maravilhoso os produtos, super recomendo. Produto entregue antes do prazo. Obrigadaa",2018-08-01 00:00:00,2018-08-02 18:13:33
d96086bc823283cc7dcdd7d6520298da,a4bea4b3e01b8dd36eaf6a9e27698404,5,,Parabensss ,2018-02-21 00:00:00,2018-02-22 21:50:14
307ece2643223563b8508d39e7be9da6,865877542f1840626ccdfc88e0b74684,5,,,2017-10-10 00:00:00,2017-10-12 22:52:29
4c97034c560b547dc22546b8eeb0ef12,c1fbc5439e7dfc2d85fef29b7353bbdf,5,,"O produto chegou em perfeitas condições, muito bem embalado e conforme descrição do site. Além de ter chegado muito antes do prazo previsto",2017-07-27 00:00:00,2017-07-28 23:40:17
85a539d0e333c56bbb7d74d2ab64964c,d6d81bd1355195a80011c4040eddd98a,5,,,2017-11-24 00:00:00,2017-11-27 16:03:01
4b7d499dfbfe4e9894dc8f450246c1d8,2240d9349c55949c40dbfcc98ece280c,5,,,2017-05-18 00:00:00,2017-05-19 12:29:59
0eedc9c919951f010caaa4d5061a57dc,0ee315717889c709f2cd864a34eb3ded,4,,Produto bonito. Conforme anunciado.,2018-02-20 00:00:00,2018-02-23 11:25:01
62f4941bc98fa9a247e60f00da6d0644,db7f34935c2b818933171e61c031695c,5,,,2017-06-20 00:00:00,2017-06-21 00:05:55
71a9a521989995917cb98b51a3a84ab8,4089dcf1cbb89bc02b04c143c7dab499,5,,,2018-05-15 00:00:00,2018-05-20 13:45:16
709c355db86cad2a5bd2554c370033ac,bb953a084ab406da9e19dfdc06df0245,5,muito boa,"Tudo aconteceu de forma favorável, desde o início, até a entrega!",2018-08-14 00:00:00,2018-08-15 00:32:40
dd90ee2585a5a6f5614b629c53d1b2f5,071d4951a2505f0880cf9db3a48e21f6,4,,"O produto atende para o que foi designado, porem o acabamento dourado arranha com facilidade voltando a cor original.",2017-09-20 00:00:00,2017-09-20 15:06:29
2aca8bd7023ade6ad87981308c28f514,6f550fd7d5d229732c20208da33c9ec2,3,,,2017-12-29 00:00:00,2017-12-31 11:24:33
b5b7d145c1b7e474f666179644b360a6,463a6c0963417e97f92017b2d8cc2eb2,1,,,2018-03-15 00:00:00,2018-03-19 12:40:51
f72193f37214102489e05b036c0cec36,a4bc1696d87f667da1b782b7707358ad,4,,Muito bom o acessório a luva.,2018-08-14 00:00:00,2018-08-15 11:03:59
6bf213c3a948ce06471eadd4e678acd0,d5a09a21303952be950aa3cdf58104b7,3,,,2018-05-15 00:00:00,2018-05-16 04:13:35
f44fc09d0a05140901f2db47cf6a4ded,ff0f748c58a386fe2ec19f6e32c9f42b,5,,Excelente atendimento,2017-12-28 00:00:00,2017-12-29 02:48:06
b42b08d93208c7865a52effc58079249,d2176b03a3d39c462bb88f935ea12fb5,4,,,2017-03-15 00:00:00,2017-03-16 21:53:17
2b845f338435f1e53fb7ab3945ac9a8f,00fcf938cde49ae138942b632ed62393,5,,,2018-01-31 00:00:00,2018-01-31 23:12:57
27e2e3a2c4beb264856d5efdc3feb572,4461b95e70e309fde34dd20048ecc0dd,5,,,2018-07-28 00:00:00,2018-07-30 18:50:44
c764803d21d3e0aceabecb745a85cdc8,b45e0eedd6fb6570b2fc15416a437431,5,,,2018-04-13 00:00:00,2018-04-15 18:39:12
127593aae0aba7cad3c1ee792b55cc1a,785cf8b7a54061565b6c0cc6cfff956c,4,,,2018-05-10 00:00:00,2018-05-10 16:51:29
395c3fc562a5ddb4d62c89ab488aac53,a59e5a3085765eccf13872b4529fba3c,5,,,2017-08-20 00:00:00,2017-08-20 19:41:24
9840563f4c2189d0a14431a79cd92b16,6540a36b3dd6a4a0922d5f57d493d9d6,5,,,2018-02-15 00:00:00,2018-02-15 20:41:11
48143641c97f072c863f36d67b89d60b,61d158e103c596593eb48b325c8fe035,5,,,2017-12-29 00:00:00,2018-01-02 18:16:03
2a1ffc57898e6523f73aee52474a6bef,f6f4791d4e9af576b54789af41c06f23,5,,,2018-01-04 00:00:00,2018-01-04 20:30:23
9b88af6ae32a1454e91559508c33ab6e,c0825f7ad51d670d765525e6761dbc0d,1,,Não recebi o meu produto e gostaria de saber porque!? ,2017-12-21 00:00:00,2017-12-22 02:36:57
37f4e928726a90e23bfb8c299d3ccb31,ed241a40fbcff0bd9429886e4b20f142,5,,,2018-06-05 00:00:00,2018-06-05 19:53:15
2387fecf596cf8d566eb20fb989ffa75,dff4ec81cddf051671aa0402bb29fd3f,5,,tudo certo e dentro do previsto!,2017-08-08 00:00:00,2017-08-11 19:57:43
ff94c51999653c88c95b8e227c7d2d01,252ccbf5764c53809f99daee8815db09,5,,,2018-07-03 00:00:00,2018-07-04 11:09:06
bd086f6e8a398d27bdae53688bddde00,97d4fe1febafe8399c24e7f0640f1f5b,4,,,2018-05-29 00:00:00,2018-05-30 20:24:21
5788c7fd37dda0529e4a7f3057876416,c9c76a6cf34575ea054a043a4d03c0a1,3,,,2018-08-26 00:00:00,2018-08-26 14:05:02
cc54762f48a395d76bad67b38b7f2ca7,19f05b5a76e0e3f1df1ebaeef9bd2f8d,5,,,2018-04-05 00:00:00,2018-04-06 23:25:53
b9fe388b8883fcff4f70fc436a4bef5e,57db58fa887c4205f3bf01211de5cceb,5,Muito bem,excelente,2018-07-21 00:00:00,2018-07-23 20:52:28
5f36cb1783b98abc5e1e9186611f97f6,f3e4a09f99041d910314f9d99b3fc80a,3,,,2018-08-08 00:00:00,2018-08-09 00:07:11
4087da259eb0632058a3f8b06c065bce,4695874459264348f76f20abb7897ec3,4,,"Ajuda bastante no acabamento de cortes de cabelo e barba. Máquina bem leve e de boa aparência, pena que o pino não é comum, é daqueles de ""tracinho"".",2017-06-02 00:00:00,2017-06-03 12:29:49
3c33ae6190937c63dff9fa81950f67d6,f4b2e1f6d7efad219764d0da00936947,4,Tudo ok,Conforme solicitado.,2018-06-08 00:00:00,2018-06-08 20:28:23
bd05f5697c79b74d2d1b6997b1595a11,5e4ef21263c26f393f06c68bb2ac73c0,5,,,2017-10-21 00:00:00,2017-10-22 21:21:19
c8a52e5d85eb5207ac6fcc971ba1e9dc,33238b56832a1ff5396fff8bd2a44ede,1,,"Ainda não recebi o produto mesmo após incríveis 20 dias para a entrega. 
Mesmo pagando caro por uma simples capa de celular, esse tipo de situação acontece. Absurdo.",2018-03-25 00:00:00,2018-03-26 01:08:26
1578f5a404a6b3fb72a99c5985918961,76a144984e527482dad02200366231c1,5,,,2017-08-18 00:00:00,2017-08-20 16:51:15
7c93b9d1885f030a2bfded1215ebb334,bb135d26e1017e379593cef6fea4044f,4,9,,2018-05-05 00:00:00,2018-05-07 10:01:28
fdcb744dead6eb69784fe160a4f921c4,c74d3a9c61db3b1be7b8c176eab1aa09,4,,,2018-02-27 00:00:00,2018-02-27 18:33:46
713d4d920d3b2531cfa5e805c225aa2f,c2e9150ecca583eb68c1e2e2b650caac,4,,,2018-06-05 00:00:00,2018-06-06 02:13:01
b543ea2cc11889fc9b61d870180c12c2,175d5d1ff76c0ea865a58e125e22743d,4,,,2017-11-18 00:00:00,2017-11-21 12:19:04
b9422cddd1a939fc8522ca5db9879a3f,19a0bf5e25218efc09e3b4e6b9f55c0f,4,,,2017-05-19 00:00:00,2017-05-20 11:57:44
76b481a419d23775e1403dd320b9cf5c,777bf4670edce6de8fa9aa0b68b57b28,5,,,2017-07-22 00:00:00,2017-07-25 10:44:16
fa79721e1fe4f7f52a52bd1dc5a5f0df,d21d7411b251f35ead1b210dc946ca70,5,,,2018-01-23 00:00:00,2018-01-24 15:09:14
755351eb5de2e54c52a5860eea9c0f66,1975dd8b555942e06089174b9f2a4928,5,,excelente produto. Minhas filhas amaram. Produto chegou antes do prazo.,2018-03-06 00:00:00,2018-03-09 13:54:43
48fce573439afb3be576527df2f78b04,38e958945f54389c7d61cfee471b475f,2,,,2018-03-24 00:00:00,2018-03-27 03:00:47
fb51994d18bd81736daef43dea3fcf11,461a022953c6f3a8573e4e6a38a4d88d,5,,"Ja uso esses pneus a algum tempo 
Mas com esse preço otimo q encontrei no site stark ficou melhor ainda 
Super recomendo e comprarei sempre q precisar",2017-02-25 00:00:00,2017-02-26 13:07:50
fd4faa43f899b4d8943126aac50da6b2,3ee995f2432d1efdb2369e87acc095d2,5,,Muito bom!,2017-06-01 00:00:00,2017-06-02 20:07:06
537fc3d28fdccc6be0b1acabccd2cc92,6049ab061f1a014ee71d10cf04e045ef,5,,,2017-07-22 00:00:00,2017-07-25 16:37:07
e5e2b59a0851739f6a76cf218febeff2,a4b2d7506db2672210d0411c4a08e8a3,4,,o oproduto é de péssima qualidade,2017-07-14 00:00:00,2017-07-30 11:06:04
b46d4c46b146c2032a59f207a2a8ab9c,d28b9fc7e25679fbae70211d38a44518,4,Super rápido ,Loja honesta entrega no prazo só precisa que seja mais detalhado algumas especificações do produto mais indico ,2018-07-26 00:00:00,2018-07-28 17:49:36
22f544cb3732371cbb77de0568cceef6,75327543a7801fb8d71a142e971d8f65,4,,,2018-05-12 00:00:00,2018-05-17 20:01:44
7730b8bbf067eb4446b2a0ce99a4a1bd,288362e230c2f06b85ba337e5f3e54c5,5,,,2018-04-12 00:00:00,2018-04-14 12:03:30
c9a406d3076559e35f713ec82223d39c,3c40398038e198e9e1636c1116378da8,4,,,2018-03-24 00:00:00,2018-03-24 19:25:48
3016737b78dd47e766e995754ebe5f38,7aec44a29db806091272db5aeb0007d4,5,,,2018-04-03 00:00:00,2018-04-04 18:30:07
91c74885288d4c0dd35fcf95841bce3c,492bed007520827cbed51959e4ce4385,1,O produto é diferent,"Recebi o produto, porém veio da cor errada.",2018-06-15 00:00:00,2018-06-15 18:33:01
bb124a95d699af5e0f348f4dc9945579,911c85d3422a9c87cf321ab2ebae2430,5,,São inúmeras as vezes a qual comprei e continuo a comprar com o stark recomendo sempre com preços excelentes entrega dentro do prazo e entregue em perfeito estado,2018-01-04 00:00:00,2018-01-06 21:31:25
f8863aa88e43aca1f5e88308a625d5de,0c9999fe81fb2cb90e1f0456c15759e2,4,,,2017-09-26 00:00:00,2017-09-29 16:45:14
7b61bc467256f2ed2d53f47d37f3baff,302af85f51f58d45da103dc1d801704b,3,,A pulseira é de camurça.,2018-08-02 00:00:00,2018-08-03 12:26:38
6da794ff33109dc2a8b9cd6ab2833888,85728ab380c0bb7e1c0f5f26d1e48cd3,5,,,2018-01-18 00:00:00,2018-01-21 19:47:02
d5ea34029404af853abf3ff101d372f0,5680b2a510b3058b5b17603c79ebcf67,5,,Muito satisfeito com o andamento da compra e com o produto.,2017-09-30 00:00:00,2017-09-30 23:26:54
853e47977a06124079a045087c5c14e5,db2745f7e368d3ea3c5423712084795b,5,,,2018-01-06 00:00:00,2018-01-08 19:03:12
778c1d739ae7d0bad192e1aaf3b75886,660184ce8221d07e9acefb645947f761,5,,,2018-05-10 00:00:00,2018-05-10 19:35:34
752a63deab243fd182b0e0ae75568b5d,47b1306236d4ab3e15acd0a96e7f341b,5,,Entrega rápida amei ? super recomendo,2018-01-26 00:00:00,2018-01-30 16:04:15
3cb83579caaed7b9ab213ca0cdcc8c0d,c754df662a2370682a708ef4b36b63cb,5,,,2018-08-21 00:00:00,2018-08-21 20:33:04
9c528be034cbaa8d39820814b6017b15,cdce44545e4b01bf3773be33c0e04ec4,4,,"O único problema é q o prazo de entrega é muito longo.
",2018-02-01 00:00:00,2018-02-04 19:31:19
b9a6471cdfec5db6ef85a60a82e9ba98,191d075b61db3a892fde83330d82d7c6,5,,,2018-08-14 00:00:00,2018-08-15 02:48:17
cfc5a5cd555beb63efcbbd327c96dffe,0c484845a32b2d44b9857ab5c1956b99,5,,,2018-04-17 00:00:00,2018-04-20 10:47:24
6abc0e7ca1323472d102ab62568c5d9d,7087ff1aae165d854e41219173c9b930,5,,,2018-02-28 00:00:00,2018-02-28 21:25:44
a6e2a5438f0c51d1e1a4141db2f2546d,81cb17fa8652482186e8184e2a418057,4,,,2017-03-14 00:00:00,2017-03-15 02:45:48
f8981e7faa402c4b8e62ab67731f2bf5,39435f1a1f3cde43181d5a14975147b7,5,,"Recebi no prazo do jeito que vi ni=o site
",2017-05-10 00:00:00,2017-05-16 13:00:45
554323795678b0efb4102e4d37e5b61a,f2decddf8c6c81ab5681626c6c282871,1,,"Não recebi a minha mercadoria até o momento 
Gostaria que alguém me desse uma posição do porque não ser entregue ",2018-03-10 00:00:00,2018-03-10 11:39:15
2e16e818f59d7b93e0cc38e172fc6870,491d37ca0bc2ccb55fd694266fa55ced,5,,,2018-08-30 00:00:00,2018-09-01 21:05:29
2fbe086269247cee60d600c3af62f3e6,0049edf42837aa808e03552a62bd2158,1,,"Não recebi nada, não entraram em contato. Ninguém liga pra informar o que aconteceu.",2018-01-31 00:00:00,2018-02-01 01:45:26
a76e3f0de3b56dea8bc641a8d04dcf8d,5a8e89eb21d974830f21524aa57d031c,5,,,2018-03-28 00:00:00,2018-03-29 00:12:54
d58115064bfc70196d3523a34490c6f8,e8222fa9083bdd04c8bc9b234ff11490,4,,,2018-03-30 00:00:00,2018-03-31 02:07:49
ecf7b2fe0358ed6587ed3ab51735ec9a,bcdab55f44bb436dc1b014c0cd004cf8,4,Entrega super rapida,"Produto muito bom , só me incomoda um pouco o barulho q fica com se eu estivesse deitada em um colchão com plástico, deve ser porque é impermeável",2018-08-22 00:00:00,2018-08-23 08:56:15
765bffaf3e9e7b0a0983a0725e4cc964,b537ca3494311804a1191ad6a0dddf05,5,Produto bom,,2018-06-06 00:00:00,2018-06-08 20:06:42
f73ad011be57d3af9090154eba962df2,8e337e3b4df76fa95a5e03ba9675cb56,2,,"O produto foi entregue no prazo correto e as cores eram as mesmas das fotos, porém, a qualidade deixou a desejar. As toalhas não são felpudas como diz a propaganda e não enxugam bem!",2017-05-23 00:00:00,2017-05-26 01:02:59
d2a3c38135cd2339ab0d3fec0abf8301,3d25ea8a710032b1b66683b23027c0a6,3,capa de banjo,"Pelo preço compensa,só acho que a capa deveria ser acochoada nas laterais. Mas e um bom custo beneficio.
",2018-06-09 00:00:00,2018-06-10 19:31:53
9a4c81b6674636a6449e9433f2089d98,c7bd1a3c1d8c727292184ef4f919c9ca,1,,"COmprei 15x13 e me mandaram 13x18. Inútil pra mim, usei a ferramenta do stark pra entrar em contato e até agora ninguém me respondeu.",2018-01-26 00:00:00,2018-01-30 03:10:11
1d5b8cc3cac5888ebfc80a0dcd337f07,118ec9ddef528c64a545169b898e7699,1,,"Algo aconteceu errado, pois não recebi estes itens. Contudo, já recebi outros itens que comprei na mesma ocasião.
Aguardo um retorno.",2017-08-02 00:00:00,2017-08-05 10:23:37
768988829402e0284324ef2957d4f0d4,afc1b46f2cb4b3f0d3432cae0af0ea75,5,,Produto Chegou rápido.,2017-03-17 00:00:00,2017-03-20 15:56:44
e530808372ce2c87f427d827bce3a06e,12b139364fe5d01af6207a326b6f139d,5,,"Excelente! 
Entrega, produto e preço.",2017-03-04 00:00:00,2017-03-08 12:11:54
839e322084914d7014db936307bf5481,a462f2866f3b997fbc2fdb5fb62a9ed5,5,,Sempre tem compromisso com seus clientes rapidez e educacao,2018-01-16 00:00:00,2018-01-19 00:42:55
041dc62dcfb723a3ee7cad2169b8aaea,40af1ae902bbec62efba703b0fc0e8ea,5,,É lindo! Super fofinho ,2017-08-03 00:00:00,2017-08-04 09:35:23
b9cdea6163d1db2ce6faa11c4e0fd742,82df1040816137c724988769a4370203,5,,,2017-10-25 00:00:00,2017-10-31 16:29:10
f763252b810a719d655523cd5b748c37,e43508515d5e7a615643e552dc54a970,1,,nao tenho como avaliar ja que ainda nao recebi,2018-04-08 00:00:00,2018-04-09 00:48:05
eded93144ffb3434badd2a90ed06a2bc,29a644536f583fb95f772df6031b0057,4,Super recomendo,Chegou antes do prazo previsto e super recomendo ótimo vendedor e fui muito bem atendida.,2018-05-03 00:00:00,2018-05-07 16:53:09
6ebdfa41e3d680c8d855b8b224745dd6,3f6efc4ada967d7b5ad1b6c30ca43b96,5,,Produto bom e de qualidade,2018-01-23 00:00:00,2018-01-23 23:17:19
2acd021db06be8c0c736a9392110ed95,1d14bb358f43b14725c70bdc035ce24e,5,,Bom,2018-03-29 00:00:00,2018-03-31 10:29:42
271be47359c08b4de2697f6fcbdd6e43,bb55de21f945bdaf699aec35f7bf63aa,5,,,2018-01-28 00:00:00,2018-01-28 23:30:21
4445b3a4dbad3ab9adc9b7db80ccf7e9,5c92575d54d9782d6f943b342d27646f,5,,,2018-03-28 00:00:00,2018-03-28 13:44:29
fbfabef73347ce5a5dad0642bea00558,dab991912deff0b6f34c2ac665fd566f,5,,,2017-07-06 00:00:00,2017-07-06 22:19:25
8fa4ff53dc6238a3762df5025a4061a2,5f535417894495b2b12f4de92d996800,4,,,2017-09-26 00:00:00,2017-09-27 12:14:58
8a43c44a6b5c9208e7f421a91fdb7c1d,291cc6d48f9475a822aecd9c9a78d4ac,5,,,2017-11-30 00:00:00,2017-11-30 22:32:42
da0dc17903d0f8aa4b041dcd7f2dacff,2babbb4b15e6d2dfe95e2de765c97bce,4,,"Além do produto chegar antes do previsto, a qualidade do mesmo tbm me surpreendeu! Adorei!",2017-03-04 00:00:00,2017-03-06 23:20:42
3dfe6f707ea6f2f28559f487c80ac4f5,be16ab3862dd2927ab1e3cb7434007f6,5,,,2018-08-31 00:00:00,2018-08-31 21:32:03
64fbf5052ba67fac0cd625282a1e08c2,c359ea677d56a4dc741b767e413a23f8,1,,Infelizmente o produto enviado (Braçadeira Armband ) veio com defeito de fabrica. Também venho relatar que o material do produto e de péssima qualidade (parece produto de feira (xing ling)) totalme,2017-06-30 00:00:00,2017-06-30 21:47:29
049cd2b0bb4c3a214d6b143a64441ed4,0aa240e0cbbe794b5470e659a22b614b,5,,,2017-05-04 00:00:00,2017-05-05 15:40:22
da7320b1c9908d2be03ae762b88f8b86,e3b8f30edc738fdf0897de9bf8b49d56,1,,"Nunca mais. A pilha ficou ""dançando"" e não dá contato. E não tenho o menor ânimo de reclamar, dá trabalho demais. Resumindo: não compro mais este tipo de produto on line para evitar este tipo de preju",2018-04-17 00:00:00,2018-04-17 21:27:01
6899fe12a6a9617bccc97f358f7e7be4,fcd5c129c40bee5c7fc66a1493bd9b6d,5,,,2018-02-23 00:00:00,2018-02-26 10:57:54
3ae0e9b6e7ea2d674982023ddd8e9756,3bb580c88504df63102b61f70164fb75,5,,"O produto foi apenas testado e está funcionando. Espero que com o uso contínuo,no alto verão, ele corresponda as minhas expectativas.",2017-09-28 00:00:00,2017-09-29 20:15:58
730f5a89394eae8affa3717ff4e78b11,47c1a8c65d33d1a87433294bea40a81b,5,,,2017-06-02 00:00:00,2017-06-02 23:44:01
521739cf8279a5e13514bf78035f24d6,259dac9ae7597d3dd6371ad21a6aa57b,5,,,2017-09-20 00:00:00,2017-09-20 23:13:04
be68d8554abdc79cf83489d3b5237314,33461765475580d8fa316d298bfdf86d,5,Ótimo,,2018-05-01 00:00:00,2018-05-04 01:07:01
a56724f500d6eb34a676dfc81e3ea30e,56f5835a474cdf734462ea3149a1fa90,3,,Motivo q um dos fones n consigo sintonizar rádio FM da cor preta n restante parece bom.,2017-08-05 00:00:00,2017-08-05 20:17:17
211f6bfc121126e4979b2a51a73ec60f,5727f102c85ddd314cc3158d4e044e94,5,,,2017-08-29 00:00:00,2017-08-30 08:28:10
5f37b765fd05beb0a8a0bed92cddab4c,67a3664e806dcb942fb6d07d36c9ff8d,1,,,2018-08-15 00:00:00,2018-08-15 23:50:25
1a3b1b7b0f406cef6e42939359d0d601,2e1205ef23c9d6445449283ddfe660ad,2,Diferente ,"O produto está diferente da foto, deveriam colocar exatamente o que será enviado.",2018-08-22 00:00:00,2018-08-23 02:23:47
65484664d4609318e8783f0676182719,168bda17add369de7d250129f41c6fb2,5,,"Quadros lindos , amei !",2018-03-06 00:00:00,2018-03-06 22:51:50
8ebff11add69964cfe09d63affda2095,52faca764f10e3c9f0527267b3aa7c95,4,,,2017-12-13 00:00:00,2017-12-13 16:14:16
2bcd71f326882bdbbdde7e36acc73c20,13c275bb0585b060da0d45973177dc80,5,Ótimo,"Relógio lindo, apenas menor que o esperado.
Mas veio tudo certinho, na caixa com garantia etc. Comprei pela mega Mix.",2018-06-15 00:00:00,2018-06-15 16:49:58
9efef4d70190c1bdb9b12872cc8144fc,4637ca194b6387e2d538dc89b124b0ee,3,Produto Avariado,Recebi o Diario do Bebê c um pequeno rasgo na contra capa e varias paginas amassadas. Gostaria de troca-lo. Obrigada. Andreia,2018-08-17 00:00:00,2018-08-18 15:32:40
72dd5766593fd20aa460b94cf6f6485c,2c5f8c98e00740a16ca31cb18a7c8723,4,,,2017-04-01 00:00:00,2017-04-04 02:08:22
18890b1d2a8953944df7b73d806b0a63,148315308166c0a08ca10ecf9d8420af,5,,,2018-06-30 00:00:00,2018-07-02 23:53:03
ba4f093349bac4a15e8056c9587595fd,818b470109d94829497e6d4cef2e0079,5,,Muito bom.,2018-04-11 00:00:00,2018-04-12 21:06:00
ba68322c1e79a1bf861427aa88dedc5b,0de2b30e13d8f2dec50a37917bdac7d0,5,,,2018-08-25 00:00:00,2018-08-27 11:35:33
5b422a74d70ffc967a85baf1341afa5d,574e38ca454c86f60df545b65a03277d,1,Não corresponde!,"A garrafinha não possui 1,5 L conforme anunciado, nem se encher até a tampa! E o material também não é lá essas coisas, para mim não valeu o preço pago.",2018-08-09 00:00:00,2018-08-10 12:33:10
50825eea6e7955a4aed65b66deeeedf1,14a76254fd8b520137f06d37b1cdb8d2,4,,,2017-07-27 00:00:00,2017-07-27 23:31:34
7bb4ee5964c58afcb9dd6d43591c421a,71c4b7b8844a031b7db8ca41c41d4aae,5,,,2017-09-15 00:00:00,2017-09-15 22:54:13
c222be7d923158fcf3b4981b8b7b4bc5,f37cdd40de53fd4b961aa07433c716fc,5,,Só o whey chegou atrasado mas o motivo do atraso foi dos correios ,2018-03-25 00:00:00,2018-04-05 23:09:14
41761043ff569d218211f44a61ef6900,882d810d98542e6512788b9a49d6d886,5,,,2017-02-15 00:00:00,2017-02-15 12:49:12
1a3e9a89e06d0a077a32f237337a22aa,9d9f7fce2886a9587f0a42a1366a1392,5,,,2017-04-14 00:00:00,2017-04-17 16:59:49
cd8e40df7f20a8563fb9f48942cb8fa6,053228d082dcc4c3730e511ecd4c9fa0,4,Produto bom,"O produto é bom, porém não chegou em minha residência. Precisei buscar nos correios. ",2018-08-21 00:00:00,2018-08-21 20:34:59
e729c8b9e632bf9e7a90531b80baf8b9,7da78752e9ddd817f22933c2763db33c,5,,,2017-12-21 00:00:00,2017-12-26 11:47:38
b7dc38a17166c6d772bce2caaf64f10b,067c946a70abc2e1e8d9185ae309b48a,3,,"produto bom, mas esperava que fosse melhor, levando em conta a descrição do mesmo",2017-07-18 00:00:00,2017-07-20 01:45:48
faf9562f00cc9e7c091b667170e215fb,b8d83281a0c89e3157c9cd7c37ff7273,2,,Difícil diálogo com vendedor ,2017-09-27 00:00:00,2017-09-27 11:09:44
cd739e4b274b7b38bf5e79f0f270bc46,6782c5b750b0791a12f7b6b823bd0daf,5,,,2017-12-20 00:00:00,2017-12-22 16:52:29
8ca896ab3b965045111f38fb026cf35a,7c5cfb19cd59e93d54d251302ac8268c,4,,,2018-07-17 00:00:00,2018-07-17 18:25:10
48850edb46a0694d7d247c7c77342deb,5923d27ea800706e7c11665595951851,4,,,2017-07-28 00:00:00,2017-08-02 21:15:05
beccbb4090fe3922b02416ec4f1c6280,63cf2db4fe1c8f21a8a02023cef68212,5,,,2017-06-14 00:00:00,2017-06-14 15:25:33
e22a022a5987718d0dfc6a7d21998726,cde3f389a60c48bf85f49e8daf2144f9,5,,,2017-05-07 00:00:00,2017-05-12 00:38:17
b24ca74120b322378ddf47a2759287c2,6c8dc9b7ff1a1e35349382fa962de9fd,3,,,2018-06-21 00:00:00,2018-06-24 00:07:21
7b3da39d394fd1b198b7a892ef69fe16,2a2933426794a07b8826c9a59e6d17ed,4,,,2017-12-28 00:00:00,2018-01-02 16:45:34
96e0c98f292fb4b937318a1c0f1d8c97,ece7b7cba1247b9ac059fc6a6528a075,5,otimo,"PRODUTO CONFORME FOTO E ESPECIFICAÇÕES, MUITO BOM
",2018-05-26 00:00:00,2018-05-28 13:23:31
26c01ff3fcda41c326bc3928dee0b97f,13f747cacb95a747110cbb87bc2c75ce,5,,,2018-01-05 00:00:00,2018-01-05 22:59:00
e6a6cb8f3544b999c8ef85388250d302,9c6b445489e19c178357172589b7ef63,4,,,2017-10-24 00:00:00,2017-10-25 09:26:40
6ebace74b0965bb630b8ee3dab25957b,b417d51297514f6e670d1ffb3513ef53,1,,"Está apontando como entregue no rastreamento, mas o produto não foi recebido. Ainda estou no aguardo.",2018-01-04 00:00:00,2018-01-08 18:50:24
d825cdaaa5648426b83fc2a19b6ef11f,c55364dc936b3bcc92b2243e35dd52d4,5,,Recomento a loja,2018-02-25 00:00:00,2018-02-27 19:03:37
0e651f342c87a6c46f0aa9e35ef8dbdf,1fe85ed3aac60c497e9a22a39fcd715a,5,,,2017-07-19 00:00:00,2017-07-25 05:56:19
4b6cf5ce92d18c635b3ce8d99acd4b34,cec8f5f7a13e5ab934a486ec9eb713c8,5,,ÓTIMA,2017-04-08 00:00:00,2017-04-10 12:16:38
c2e6c15ece676c8042ae811db0bfe5b4,8ff8823e264549c3798b021e9bdc3e6a,5,,,2017-10-21 00:00:00,2017-10-23 15:56:18
ea0b51b100b362808193c7c00043343c,0c4af986e0aaede577f05163c1ee5911,5,,"Fiquei muito satisfeita com o processo num todo, desde a compra até a entrega. Muito rápido.",2018-08-25 00:00:00,2018-08-27 13:33:21
014a5f9bfac89cd0ea3aaa78bb317246,f8c23d339c140eddae8418d518af8497,5,,,2018-03-15 00:00:00,2018-03-19 11:12:56
f64c0d2ea0301f51752584211bbef121,34f8407f7b8a9e33a001e63eb8d08545,5,Recomendo,,2018-05-05 00:00:00,2018-05-08 13:41:45
fe602d210d1b409c4baee15c5a82f5d0,5c79b8c0c788c246d099ed0ac689359e,4,,"Ate o momento minhas compras sempre chegaram, mas até o momento ela está em Belém e não chegou",2017-08-05 00:00:00,2017-08-06 15:00:22
40b01ab71da398267e52bc7cc85b4bbb,fc6fa7fa7977262db8df0b27a56474d8,1,,"Comprei duas malas para viagem e só foi entregue uma mala no dia 19/03. Já mandei um email solicitando o porquê que não foi entregue também a outra mala, mais até agora nenhuma resposta. ",2018-03-20 00:00:00,2018-03-21 12:12:47
47ced3055b02b177691d751d10e64bfe,5797b09452273744ac62c38230d88248,5,,,2018-08-02 00:00:00,2018-08-02 18:32:03
173b6c2a9afd984a12b6ec3f2be95d46,abc5ec9ecaec740b498a37f19c29a8c0,3,,,2017-05-13 00:00:00,2017-05-15 10:34:14
8fcfa290784806172f41ec9a6bb2673a,d1f9a1aec23787e664aa0ccd55fe2fd3,5,,Entrega No Prazo e Excelente produto.Valeu....,2018-07-28 00:00:00,2018-07-30 20:20:29
0fc930b7f23a4a925951e1cbf12b4b8d,12c52aeb1dba3fcbef2e36accacca1e4,5,,Loja super responsável e correta recomendo ,2018-02-23 00:00:00,2018-03-08 18:04:35
e6db04871bfd1990389aa3afb2a752b1,efc7354b6901a8603031e2dfeb54926d,5,,Excelente!,2018-05-17 00:00:00,2018-05-20 16:00:33
b4f3ebc22714dc945c085a9f2e7a4192,f4776a61a23801c349ab69bd0fd774e2,5,,,2017-05-26 00:00:00,2017-05-26 23:31:23
5dc0e75e88cd331e3082a2ef236a67d5,293ce7e1d3220058be631162721ba82f,5,,,2017-10-03 00:00:00,2017-10-04 04:08:44
73356529c5442c38bd8946234f7371b0,bf2c58d30170e4cbd5153bacabc31d24,5,,,2017-12-15 00:00:00,2017-12-16 01:41:32
8d7ed7aa352f6ff13e9743bc689e7e2e,6e308e3bac5f39d88294995e5d60282f,5,Recomendo ,Tudo dentro do esperado. ,2018-06-29 00:00:00,2018-06-30 15:35:17
273416e5700d5b7f5b513595099723e8,8217a590b5344050a87f2e38d9aa0cf7,5,,,2018-02-15 00:00:00,2018-02-15 22:15:31
ecb6b9a3c286d466970273e6c19da042,240143ab3914b9052e329d80e795b1c9,1,veio faltando uma carteir,veio faltando uma carteira e querendo saber como vai fica ,2018-08-15 00:00:00,2018-08-16 10:37:27
7312244806651234199206c84f565453,4cdf8813fc5f4c3d74041453f606868c,1,,Comprei são faz tempo e nada estou indiguinado paguei 279 e cadê meu aparelho,2017-10-25 00:00:00,2017-10-25 09:03:05
26d06a68ac331b4a23b96f174a0a964e,2418eec7948d10d05ec9a51308920227,4,,,2018-08-11 00:00:00,2018-08-14 12:46:06
e5735ee8b31e1a653dc52ba48f497278,eec253358dad1c219d0b7cebcb8d894f,4,,muito bom,2018-05-22 00:00:00,2018-05-23 11:47:33
2f4630e2e0dcb3feef0ceba022315569,7c74b6a47ffad9deb24bd2a1f0b0acc5,1,,Infelizmente compensa pagar um pouco mais e comprar em loja física na sua cidade todas as lojas inclusive stark estão com péssimo prazo de entrega dos produtos!,2017-12-15 00:00:00,2017-12-18 12:17:36
d51ba1bcbe8ac5320c910e7323dd24e0,4d16edc6146d11a43b18720cce159643,5,,,2017-08-30 00:00:00,2017-09-02 12:26:07
1d7129ba616fed2e6bda8547ca98df29,60f68300b4ddad4f93eed399661f2ab4,2,,,2018-05-30 00:00:00,2018-05-30 15:03:40
08ad3915b66a80899cc3f05c7392b30c,157fa4382ef233561294d5b9e279df5c,5,,,2017-10-18 00:00:00,2017-10-19 18:08:51
69ff93d84bfa3b3d71695bc8be34cf76,82ba6dcd4e23b3992eecd5bcae999c30,5,,produto entregue antes do prazo e em perfeita condição. Recomendo.,2018-02-21 00:00:00,2018-02-23 22:15:23
c747ef12b749313fccbf701a477196ad,b72cc1f71e3b599e3d2e7c4a41f6ea07,5,,Maravilhoso!,2018-02-03 00:00:00,2018-02-04 14:35:20
c1e2d2f7f31953e887bdeeac59fa0bfc,2dd1b3fcb05d15852bfc51a0a8405381,5,Ótimo,Ótimo compra recomendo,2018-08-19 00:00:00,2018-08-19 17:46:07
5e35f33e9de33065421680ae13bc6d91,7d77fa53e7aaa8b90c3bf1d55392d432,4,,,2017-11-25 00:00:00,2017-11-28 12:07:57
0ab684b87ee41e7d4ab0f4f48cf952e3,b510a3b0e7d3af5d6a6021fb316dc676,5,,"sempre rápido na entrega, parabéns pela eficiência do baratheon ",2018-01-28 00:00:00,2018-01-28 14:04:12
3f4f2a137c5a4e6f6c8601d5cd5c2e93,5f2f3348a05e38d5f31b04f858c606f4,4,,"Prático e fácil de usar, além de fácil de lavar. Recomendo. ",2018-04-17 00:00:00,2018-04-18 11:23:29
805585d294b6c55c7236a240f1f086d0,0f13cc32312efa26fb2a0f9176f070d2,5,,,2017-11-21 00:00:00,2017-11-22 01:23:25
57b36dbc0ed68a0e2d59c271022f984a,9f64fb4d29aa2f254cc325c59a8f8b00,5,,,2018-06-08 00:00:00,2018-06-11 20:30:47
d24013cc660906801fb4638efc02e7c4,38b9365bb512e4746d21b59d3eaaa146,3,,Recebi todos os outros pendentes que comprei ...esta faltando o branco,2017-12-06 00:00:00,2017-12-12 16:58:51
3aadc369ac2217fbdcc80c84c27b7ebc,4a6591a486da3e568782dd196ea19e41,1,,,2018-05-18 00:00:00,2018-05-20 17:56:32
6eaeb744d2c537a8523835ec668b8d8e,ac9ec0af6e2e654e5b2b88f0ee326b4c,5,,,2017-08-18 00:00:00,2017-08-20 17:13:36
4bdea30d6f730187d773c9779bb11d50,b819e736052660aa33771a0266c225bf,5,,,2018-03-23 00:00:00,2018-03-23 22:02:06
82050304bb0369e801747b7cf00f38c3,4600963d4b12ee01d7393b723a34516f,5,,"O produto veio na caixa com manual e garantia. A embalagem de transporte era adequada, sinalizada como frágil e veio com a Nota Fiscal. Perfeito.",2018-01-30 00:00:00,2018-01-31 00:27:39
e7db6831ef1c2ba3439cf3ddcd1513d8,170cdbf7e3806693dce1451299ee4ff7,5,,otimo produto,2017-09-15 00:00:00,2017-09-18 15:26:59
acadc08edd938f98bb8fc461a68e3b3a,dc3fedc15bcfea3fb0e670ce3a8f3c27,5,,,2018-08-14 00:00:00,2018-08-15 14:32:17
f9a86a39e9f63c320e2f127252bc43c2,f9cd682c98faebc2a0e15970b3265653,2,,,2018-03-22 00:00:00,2018-03-23 02:59:20
fbe97ffa0cc3fd60bb01c24d5ed6befd,5ffc7455c07cb79260d36024277e417a,5,,Adoro comprar nas lannister ,2017-02-22 00:00:00,2017-02-23 00:49:02
ee402829f9f6d79ba8237c2dd59626ce,4eaf46d0d0e2afdb37847eaaed37d71a,5,,,2017-09-16 00:00:00,2017-09-19 01:38:44
20dad9432bd4ebc622d01c4e7ecb03b9,512485d4e17f424aef2b67cb443172ca,1,Produto ainda não chegou,Produto ainda não foi entregue.,2018-06-06 00:00:00,2018-06-10 21:28:21
1c4b779b4747bc41588bc526b983eda6,d59d667327f6340bdea79e39c63893ad,4,,,2018-02-03 00:00:00,2018-02-05 11:49:53
8b874f691331722f0e86d500c6ece37d,7cb2307c0136a7780ba260708d733818,5,,As luminárias são simplesmente lindas!,2017-08-29 00:00:00,2017-08-31 14:45:34
8be5ba67a8ea17f5e31040c0701eb16c,fa4ee681ec32520f00735c89736b5d41,1,,,2018-07-21 00:00:00,2018-07-25 13:30:37
ab412feb7691084b8557e343ca82940e,6a561b1f3b2ed85c05e55494271c7061,5,,,2017-05-19 00:00:00,2017-05-20 10:09:58
345cfa557990d3424f7fc626b33e885f,7dbfdea1e79e8d8b6d378f9e07416e74,4,,Tudo ok muito rápido na entrega muito bem embalado recebimento a todos do grupo baratheon.ob,2017-11-15 00:00:00,2017-11-17 16:07:51
e3474af5b2ca0e799a9517f22c0452b7,6e07bd59206483eaf297df6587e1ef06,5,,,2017-06-07 00:00:00,2017-06-08 12:44:11
4ce5d5e8fb0dd288ae6db8af3b2214ab,16ee199eae699a717d29b7135597f94f,4,,,2018-04-18 00:00:00,2018-04-21 22:07:16
4f7606ce3a77999443369acbf7c01d8a,9d52ed75974d7c18cdbce888c9ecfc93,2,,,2018-03-02 00:00:00,2018-03-05 15:07:04
684a4d53332560c5075f0995e64306a3,c195e207709acb5b45f5b8d6e67899e3,4,,,2018-05-11 00:00:00,2018-05-12 17:33:50
20e5848d320dce689d0eb11fcb0ef341,7c363fbfb4e41c26246ea6097cd275bf,5,,,2018-05-31 00:00:00,2018-05-31 14:31:59
74e722a50485959c10a48b9ba2829f45,28c9cde35b3af2a32c1371a199bf7ce5,1,ainda recomendo,"Se o produto não chegou, como pode ser obrigatório o preenchimento da avaliação geral ou se eu recomendo a loja?! Piada né?!",2018-06-01 00:00:00,2018-06-05 13:26:03
1f329008885be3b5f0aa67b5350fa750,d75c95be9d5a66d6b84a09c37c0e7f13,5,,,2017-04-18 00:00:00,2017-04-22 13:26:32
2cac90028ecd6155aa340e75c08250e6,36c048c109a2a9cedf85acc388be9f57,5,Ótimo ,Bom é confiável ,2018-05-18 00:00:00,2018-05-23 16:26:00
d6912095f8cf59c9e266b7532cd8fa43,e83d7904c216c3a03eb6c215d82b7fec,4,,"Produto entregue antes do prazo, muito bom. ",2018-01-16 00:00:00,2018-01-16 22:53:28
1f5e1aefc938520dcd8a4b301af99f67,df7e288b85ef0dd4db4c94c910b31057,5,,"Foi a primeira vez que comprei nas lannister e gostei muito... espero sempre ter resultados satisfatórias nas demais compras 
Parabéns ",2018-01-18 00:00:00,2018-01-21 02:18:43
9824851d34fc691980d1d50e72ca2249,833c7c18fb30f61e0d89316ff562c1a8,5,,"Entrega rápida, bem antes do prazo. Ótimo produto e muito bonito.",2017-08-01 00:00:00,2017-08-02 10:32:49
7834f2e43d01a1a864fda58d87759261,ee234bfd26ca588915483995d811c1d0,1,,"o meu produto não foi entregue no prazo me causando varios problemas com a minha filha, era presente de natal",2017-12-28 00:00:00,2017-12-28 10:57:19
ace498a42ad82890f5d6fba13062cac0,19fffb5eab0cb56530a7569759bcf889,4,,,2017-07-29 00:00:00,2017-08-01 19:05:36
2c438e45a24a1acd2babcc4ea015cd0d,99766ab732ba619f1f3af1c3dde129de,5,,,2017-09-21 00:00:00,2017-09-26 23:55:53
682a41ab28e745a2574c75d69d6f25b7,a04b6ad9c324577c000835fca4587931,2,,,2018-02-28 00:00:00,2018-03-01 14:21:54
8ee0c3441eb0deba8a2ddb73f22d49ef,062e5ab5d16890def5883cd9fe35615e,5,,,2017-11-08 00:00:00,2017-11-08 14:38:41
77650be7f386f52dc4b545971cc74a8d,3b401cba521461d124e0487ea53bb009,5,,,2018-08-24 00:00:00,2018-08-25 11:52:30
1a9bfaf727ce12d738dd972a8cb35808,97b8a149d521ea9fbbbce767a458846e,1,,Até agora só transtorno por causa desse produto.,2017-07-05 00:00:00,2017-07-05 16:18:56
dc7e3915fc6bd73d2db0326100242ae1,1921024da7f9d26bae5f85b4e382fe07,5,,,2017-11-02 00:00:00,2017-11-02 19:35:28
4082feb3d892537cdb66847500fcc912,d43b7a0e941b30ad41b6ff00ce74d59a,5,,,2017-11-08 00:00:00,2017-11-08 19:08:09
c284e23800a5f635228c7339134aeb28,da48dc4b67c6a225cba172618417ac34,5,,"Produto correto, entrega antes da data. Tudo perfeito.",2017-03-29 00:00:00,2017-03-29 21:46:36
3315d475b05ea7c41c4b11f6960c679b,b0caa968184329b15d148bfa24d205e9,5,,,2017-02-18 00:00:00,2017-02-18 22:29:17
74e848d54fc0801f40a8ef50b1f37d87,df5f09e5abe6a879e4c73dab4eacc0fd,4,,,2018-03-20 00:00:00,2018-03-21 00:32:17
b7c683ec171cf5e54f75d6a7c6f076eb,8835bc08d0bba62b3f65c7903126fa49,5,Ótimo produto ,"Atendeu minhas expectativas, excelente produto com ótimo preço.",2018-08-16 00:00:00,2018-08-18 21:03:53
1cb47f1442b145025fa269c328de5952,2e97c9670a0854380fe1b37038d5799c,1,,Produto arranhado!,2017-12-16 00:00:00,2017-12-18 20:31:15
5f82315fdb9331aac98479c3f203b430,f422805096570eb55302abeb0c77137d,3,,,2017-09-04 00:00:00,2017-09-04 13:17:24
5f8729feaded33872d7277c55f59ef35,f778c1525f995ec52f0dacbef2b17b20,5,COMPETENTE,"RAPIDO, PARABENS ATENDEU UMA NECESSIDADE DE URGENCIA . ",2018-08-04 00:00:00,2018-08-07 17:52:33
451fa10b85477480a95049a73d15abe9,2c62dbd00c329b2e3310383124183d37,3,,"São bonitas, o único problema que são muito finas. Deveria ser melhor ",2017-12-29 00:00:00,2017-12-29 20:14:24
a12138b5f64bab8980748a82934e7e96,b9aa04fee730826d066fd6b7f63def15,5,,"compra certa, recomendo a loja ",2017-07-20 00:00:00,2017-07-21 01:29:59
9afd160ca68dac6dc38317da96e3a283,93b74681985a4a11ca3b48be35576434,5,Ótimo,,2018-07-26 00:00:00,2018-07-26 22:57:27
a674c1b02707c6ccffb62ef3bfd3115b,2b9adeb55e0bd21f06e9dbcb10855229,4,,,2017-07-27 00:00:00,2017-07-28 10:52:47
